[33mThe CJS build of Vite's Node API is deprecated. See https://vite.dev/guide/troubleshooting.html#vite-cjs-node-api-deprecated for more details.[39m

[7m[1m[36m RUN [39m[22m[27m [36mv1.6.1[39m [90mE:/AI-Cache/tmp/fr211-master/packages/browser[39m

 [32m✓[39m tests/unit/frame-labels.spec.ts [2m ([22m[2m35 tests[22m[2m)[22m[90m 6[2mms[22m[39m
 [32m✓[39m tests/unit/page-understanding.spec.ts [2m ([22m[2m6 tests[22m[2m)[22m[90m 3[2mms[22m[39m
 [32m✓[39m tests/unit/dialog-cdp.spec.ts [2m ([22m[2m34 tests[22m[2m)[22m[90m 15[2mms[22m[39m
 [32m✓[39m tests/unit/download-lock.spec.ts [2m ([22m[2m6 tests[22m[2m)[22m[90m 21[2mms[22m[39m
 [32m✓[39m tests/unit/selector-dialect.spec.ts [2m ([22m[2m111 tests[22m[2m)[22m[90m 19[2mms[22m[39m
 [32m✓[39m tests/unit/path-containment.spec.ts [2m ([22m[2m23 tests[22m[2m)[22m[90m 261[2mms[22m[39m
[90mstdout[2m | tests/unit/dialog-policy.live.spec.ts[2m > [22m[2m@sutradhar/browser BrowserTab dialog policy — real Chrome (FR2-04)[2m > [22m[2mLV1: accept resolves confirm() with true, quickly[22m[39m
{"timestamp":"2026-09-30T15:02:19.847Z","level":"info","message":"[BrowserLauncher] Launching browser instance","context":{"executablePath":"C:\\Program Files\\Google\\Chrome\\Application\\chrome.exe","headless":true,"argsCount":11}}

 [32m✓[39m tests/unit/snapshot.spec.ts [2m ([22m[2m3 tests[22m[2m)[22m[90m 3[2mms[22m[39m
[90mstdout[2m | tests/unit/launcher.spec.ts[2m > [22m[2m@sutradhar/browser BrowserLauncher[2m > [22m[2mshould launch and close browser instance[22m[39m
{"timestamp":"2026-09-30T15:02:19.851Z","level":"info","message":"[BrowserLauncher] Launching browser instance","context":{"executablePath":"C:\\Program Files\\Google\\Chrome\\Application\\chrome.exe","headless":true,"argsCount":11}}

 [33m❯[39m tests/unit/action-history.spec.ts [2m ([22m[2m17 tests[22m [2m|[22m [31m17 failed[39m[2m)[22m[90m 8[2mms[22m[39m
[31m   [33m❯[31m tests/unit/action-history.spec.ts[2m > [22mFR2-11 redactHistoryUrl (H1, H2)[2m > [22mH1: drops query and fragment[39m
[31m     → redactHistoryUrl is not a function[39m
[31m   [33m❯[31m tests/unit/action-history.spec.ts[2m > [22mFR2-11 redactHistoryUrl (H1, H2)[2m > [22mH2: scheme table[39m
[31m     → redactHistoryUrl is not a function[39m
[31m   [33m❯[31m tests/unit/action-history.spec.ts[2m > [22mFR2-11 redactHistoryUrl (H1, H2)[2m > [22mdrops userinfo, javascript: bodies, and the query of an unparsable string[39m
[31m     → redactHistoryUrl is not a function[39m
[31m   [33m❯[31m tests/unit/action-history.spec.ts[2m > [22mFR2-11 redactUrlsInText / capHistoryString / evalCodePreview (H3, H4, H5, N12)[2m > [22mH3: redacts every URL token inside free text[39m
[31m     → redactUrlsInText is not a function[39m
[31m   [33m❯[31m tests/unit/action-history.spec.ts[2m > [22mFR2-11 redactUrlsInText / capHistoryString / evalCodePreview (H3, H4, H5, N12)[2m > [22mH4: cap with an ellipsis, control chars become spaces, a 199-char string is untouched[39m
[31m     → capHistoryString is not a function[39m
[31m   [33m❯[31m tests/unit/action-history.spec.ts[2m > [22mFR2-11 redactUrlsInText / capHistoryString / evalCodePreview (H3, H4, H5, N12)[2m > [22mH5 / N12: eval preview collapses whitespace, drops URL secrets, caps at 200[39m
[31m     → evalCodePreview is not a function[39m
[31m   [33m❯[31m tests/unit/action-history.spec.ts[2m > [22mFR2-11 sanitizeHistoryEntry (H6)[2m > [22mURL rule for navigate targets, preview rule for eval targets, generic redaction otherwise[39m
[31m     → sanitizeHistoryEntry is not a function[39m
[31m   [33m❯[31m tests/unit/action-history.spec.ts[2m > [22mFR2-11 sanitizeHistoryEntry (H6)[2m > [22mcaps error at 300, selector and target at 200[39m
[31m     → sanitizeHistoryEntry is not a function[39m
[31m   [33m❯[31m tests/unit/action-history.spec.ts[2m > [22mFR2-11 sanitizeHistoryEntry (H6)[2m > [22mpre-FR2-07 verification (no evidence) keeps exactly its keys, reason redacted[39m
[31m     → sanitizeHistoryEntry is not a function[39m
[31m   [33m❯[31m tests/unit/action-history.spec.ts[2m > [22mFR2-11 sanitizeHistoryEntry (H6)[2m > [22mpost-FR2-07 verification: evidence observed/expected redacted, detail capped at 300, scalars pass through[39m
[31m     → sanitizeHistoryEntry is not a function[39m
[31m   [33m❯[31m tests/unit/action-history.spec.ts[2m > [22mFR2-11 sanitizeHistoryEntry (H6)[2m > [22mnever mutates its input (deep-equal to a structuredClone taken before) and returns a new object[39m
[31m     → sanitizeHistoryEntry is not a function[39m
[31m   [33m❯[31m tests/unit/action-history.spec.ts[2m > [22mFR2-11 sanitizeHistoryEntry (H6)[2m > [22mundefined keys stay absent[39m
[31m     → sanitizeHistoryEntry is not a function[39m
[31m   [33m❯[31m tests/unit/action-history.spec.ts[2m > [22mFR2-11 describeActionTarget (H7) and scrubActionError[2m > [22mpress_key joins modifiers and the key[39m
[31m     → describeActionTarget is not a function[39m
[31m   [33m❯[31m tests/unit/action-history.spec.ts[2m > [22mFR2-11 describeActionTarget (H7) and scrubActionError[2m > [22mNEVER the typed value[39m
[31m     → describeActionTarget is not a function[39m
[31m   [33m❯[31m tests/unit/action-history.spec.ts[2m > [22mFR2-11 describeActionTarget (H7) and scrubActionError[2m > [22mrole/name, upload basename (windows and posix), navigate url, scroll, wait, wait_for_selector[39m
[31m     → describeActionTarget is not a function[39m
[31m   [33m❯[31m tests/unit/action-history.spec.ts[2m > [22mFR2-11 describeActionTarget (H7) and scrubActionError[2m > [22mscrubActionError removes a typed value and the field content from a "type did not land" failure[39m
[31m     → scrubActionError is not a function[39m
[31m   [33m❯[31m tests/unit/action-history.spec.ts[2m > [22mFR2-11 describeActionTarget (H7) and scrubActionError[2m > [22mscrubVerification cleans the "Action failed: <error>" reason of a failed action and evidence strings, without mutating[39m
[31m     → scrubVerification is not a function[39m
[90mstdout[2m | tests/unit/browser-action-engine.spec.ts[2m > [22m[2m@sutradhar/browser BrowserActionEngine click occlusion detection[2m > [22m[2mreports success:false when the target element is occluded at its click point[22m[39m
{"timestamp":"2026-09-30T15:02:19.854Z","level":"info","message":"[BrowserActionEngine] Executing action click","context":{"tabId":"tab_1","selector":"#start button"}}

[90mstderr[2m | tests/unit/browser-action-engine.spec.ts[2m > [22m[2m@sutradhar/browser BrowserActionEngine click occlusion detection[2m > [22m[2mreports success:false when the target element is occluded at its click point[22m[39m
{"timestamp":"2026-09-30T15:02:19.855Z","level":"warn","message":"[BrowserActionEngine] Action click failed (attempt 1/1): Element matching \"#start button\" is occluded by another element at its click point — a click would not reach the intended target","context":{}}
{"timestamp":"2026-09-30T15:02:19.856Z","level":"warn","message":"[BrowserActionEngine] Skipping failure screenshot: tab.page.screenshot is not a function","context":{}}

[90mstdout[2m | tests/unit/browser-action-engine.spec.ts[2m > [22m[2m@sutradhar/browser BrowserActionEngine click occlusion detection[2m > [22m[2mscrolls the element into view before checking occlusion, so a below-the-fold element is not wrongly reported as occluded[22m[39m
{"timestamp":"2026-09-30T15:02:19.858Z","level":"info","message":"[BrowserActionEngine] Executing action click","context":{"tabId":"tab_1","selector":"[data-test=\"checkout\"]"}}

[90mstdout[2m | tests/unit/browser-action-engine.spec.ts[2m > [22m[2m@sutradhar/browser BrowserActionEngine click occlusion detection[2m > [22m[2mreports success:true and clicks when the target element is the topmost hit[22m[39m
{"timestamp":"2026-09-30T15:02:19.858Z","level":"info","message":"[BrowserActionEngine] Executing action click","context":{"tabId":"tab_1","selector":"#start button"}}

[90mstdout[2m | tests/unit/browser-action-engine.spec.ts[2m > [22m[2m@sutradhar/browser BrowserActionEngine click occlusion detection[2m > [22m[2mclicks at a specific offset within the element instead of its center, when one is given[22m[39m
{"timestamp":"2026-09-30T15:02:19.859Z","level":"info","message":"[BrowserActionEngine] Executing action click","context":{"tabId":"tab_1","selector":"#canvas-app"}}

[90mstdout[2m | tests/unit/browser-action-engine.spec.ts[2m > [22m[2m@sutradhar/browser BrowserActionEngine click occlusion detection[2m > [22m[2mwaits for the bounding box to stop changing before checking occlusion, so a click during a CSS transition is not treated as immediately safe[22m[39m
{"timestamp":"2026-09-30T15:02:19.864Z","level":"info","message":"[BrowserActionEngine] Executing action click","context":{"tabId":"tab_1","selector":"#confirm-btn"}}

[90mstdout[2m | tests/unit/browser-action-engine.spec.ts[2m > [22m[2m@sutradhar/browser BrowserActionEngine click occlusion detection[2m > [22m[2mfalls back to a JS-level click when the CDP click is not observed as delivered[22m[39m
{"timestamp":"2026-09-30T15:02:19.864Z","level":"info","message":"[BrowserActionEngine] Executing action click","context":{"tabId":"tab_1","selector":"#start button"}}

[90mstdout[2m | tests/unit/browser-action-engine.spec.ts[2m > [22m[2m@sutradhar/browser BrowserActionEngine click occlusion detection[2m > [22m[2mtreats the delivered-check as satisfied (and returns promptly) when the renderer is blocked, e.g. by a native dialog[22m[39m
{"timestamp":"2026-09-30T15:02:19.865Z","level":"info","message":"[BrowserActionEngine] Executing action click","context":{"tabId":"tab_1","selector":"#alert-button"}}

 [32m✓[39m tests/unit/dom-semantic-engine.spec.ts [2m ([22m[2m36 tests[22m[2m)[22m[90m 19[2mms[22m[39m
 [33m❯[39m tests/unit/session-action-history.spec.ts [2m ([22m[2m12 tests[22m [2m|[22m [31m12 failed[39m[2m)[22m[90m 16[2mms[22m[39m
[31m   [33m❯[31m tests/unit/session-action-history.spec.ts[2m > [22mFR2-11 per-tab history cap and eviction count[2m > [22mS1: MAX_ACTION_HISTORY is exported and is 200[39m
[31m     → expected undefined to be 200 // Object.is equality[39m
[31m   [33m❯[31m tests/unit/session-action-history.spec.ts[2m > [22mFR2-11 per-tab history cap and eviction count[2m > [22mS2: 201 records keep 200, drop the oldest, count 1 eviction; 450 records count 250[39m
[31m     → tab.getActionHistoryEvictedCount is not a function[39m
[31m   [33m❯[31m tests/unit/session-action-history.spec.ts[2m > [22mFR2-11 per-tab history cap and eviction count[2m > [22mexactly 200 records evict nothing (the boundary is not off by one)[39m
[31m     → tab.getActionHistoryEvictedCount is not a function[39m
[31m   [33m❯[31m tests/unit/session-action-history.spec.ts[2m > [22mFR2-11 per-tab history cap and eviction count[2m > [22mS3: no records means evicted 0 and an empty history[39m
[31m     → tab.getActionHistoryEvictedCount is not a function[39m
[31m   [33m❯[31m tests/unit/session-action-history.spec.ts[2m > [22mFR2-11 per-tab history cap and eviction count[2m > [22mS4: the listener receives the SANITIZED stored object (same reference as the history entry)[39m
[31m     → tab.setActionRecordedListener is not a function[39m
[31m   [33m❯[31m tests/unit/session-action-history.spec.ts[2m > [22mFR2-11 per-tab history cap and eviction count[2m > [22mS5: a throwing listener never breaks recordAction[39m
[31m     → tab.setActionRecordedListener is not a function[39m
[31m   [33m❯[31m tests/unit/session-action-history.spec.ts[2m > [22mFR2-11 session merged ring[2m > [22mS6: merge order is recording order with tabId and seq; per-tab views are unaffected[39m
[31m     → s.getSessionActionHistory is not a function[39m
[31m   [33m❯[31m tests/unit/session-action-history.spec.ts[2m > [22mFR2-11 session merged ring[2m > [22mS7: same-millisecond ordering comes from seq, not timestamp[39m
[31m     → s.getSessionActionHistory is not a function[39m
[31m   [33m❯[31m tests/unit/session-action-history.spec.ts[2m > [22mFR2-11 session merged ring[2m > [22mS8: a closed tab's entries survive in the session view[39m
[31m     → s.getSessionActionHistory is not a function[39m
[31m   [33m❯[31m tests/unit/session-action-history.spec.ts[2m > [22mFR2-11 session merged ring[2m > [22mS9: session eviction is exact (205 records into a 200 ring: 5 evicted, first seq 6); per-tab counts stay 0[39m
[31m     → s.getSessionActionHistory is not a function[39m
[31m   [33m❯[31m tests/unit/session-action-history.spec.ts[2m > [22mFR2-11 session merged ring[2m > [22mS10: adopted-page tabs are wired too[39m
[31m     → s.getSessionActionHistory is not a function[39m
[31m   [33m❯[31m tests/unit/session-action-history.spec.ts[2m > [22mFR2-11 session merged ring[2m > [22ma session with no records reports an empty ring and 0 evicted[39m
[31m     → s.getSessionActionHistory is not a function[39m
[90mstdout[2m | tests/unit/session.spec.ts[2m > [22m[2m@sutradhar/browser Session Management & Tab Lifecycle[2m > [22m[2mshould manage multi-tab lifecycle within BrowserSession[22m[39m
{"timestamp":"2026-09-30T15:02:19.886Z","level":"info","message":"[BrowserSession] Closed session sess_123","context":{"reason":"Test cleanup"}}

[90mstdout[2m | tests/unit/session.spec.ts[2m > [22m[2m@sutradhar/browser Session Management & Tab Lifecycle[2m > [22m[2mshould manage sessions via BrowserSessionManager[22m[39m
{"timestamp":"2026-09-30T15:02:19.887Z","level":"info","message":"[BrowserLauncher] Launching browser instance","context":{"executablePath":"C:\\Program Files\\Google\\Chrome\\Application\\chrome.exe","headless":true,"argsCount":11}}

[90mstdout[2m | tests/unit/session-manager.spec.ts[2m > [22m[2m@sutradhar/browser BrowserSessionManager session create/reuse race handling[2m > [22m[2mcoalesces concurrent createSession() calls for the same sessionId onto a single launch[22m[39m
{"timestamp":"2026-09-30T15:02:19.885Z","level":"info","message":"[BrowserSessionManager] Created browser session sess_race","context":{"isIncognito":false}}

[90mstdout[2m | tests/unit/session-manager.spec.ts[2m > [22m[2m@sutradhar/browser BrowserSessionManager session create/reuse race handling[2m > [22m[2ma later createSession() call for the same sessionId, after the first resolved, reuses the live session without launching again[22m[39m
{"timestamp":"2026-09-30T15:02:19.886Z","level":"info","message":"[BrowserSessionManager] Created browser session sess_reuse","context":{"isIncognito":false}}

[90mstdout[2m | tests/unit/session-manager.spec.ts[2m > [22m[2m@sutradhar/browser BrowserSessionManager session create/reuse race handling[2m > [22m[2mremoves the pending in-flight entry once the launch settles, even on failure[22m[39m
{"timestamp":"2026-09-30T15:02:19.887Z","level":"info","message":"[BrowserSessionManager] Created browser session sess_fail_then_retry","context":{"isIncognito":false}}

[90mstdout[2m | tests/unit/session-manager.spec.ts[2m > [22m[2m@sutradhar/browser BrowserSessionManager session create/reuse race handling[2m > [22m[2mdifferent sessionIds never coalesce — each gets its own launch[22m[39m
{"timestamp":"2026-09-30T15:02:19.887Z","level":"info","message":"[BrowserSessionManager] Created browser session sess_a","context":{"isIncognito":false}}
{"timestamp":"2026-09-30T15:02:19.887Z","level":"info","message":"[BrowserSessionManager] Created browser session sess_b","context":{"isIncognito":false}}

[90mstdout[2m | tests/unit/session-manager.spec.ts[2m > [22m[2m@sutradhar/browser BrowserSessionManager session create/reuse race handling[2m > [22m[2man uncorrelated (no sessionId) createSession() never coalesces with anything[22m[39m
{"timestamp":"2026-09-30T15:02:19.888Z","level":"info","message":"[BrowserSessionManager] Created browser session sess_1790780539888_1","context":{"isIncognito":false}}
{"timestamp":"2026-09-30T15:02:19.888Z","level":"info","message":"[BrowserSessionManager] Created browser session sess_1790780539888_2","context":{"isIncognito":false}}

[90mstdout[2m | tests/unit/session-manager.spec.ts[2m > [22m[2m@sutradhar/browser BrowserSessionManager.dispose()[2m > [22m[2munsubscribes from the shared EventBus so a disposed manager stops reacting to future events[22m[39m
{"timestamp":"2026-09-30T15:02:19.889Z","level":"info","message":"[BrowserSessionManager] Created browser session sess_1790780539889_1","context":{"isIncognito":false}}

[90mstdout[2m | tests/unit/session-manager.spec.ts[2m > [22m[2m@sutradhar/browser BrowserSessionManager.dispose()[2m > [22m[2mstops the idle reaper too (dispose() supersedes stopIdleReaper())[22m[39m
{"timestamp":"2026-09-30T15:02:19.905Z","level":"info","message":"[BrowserSessionManager] Created browser session sess_1790780539905_1","context":{"isIncognito":false}}

 [32m✓[39m tests/unit/session-manager.spec.ts [2m ([22m[2m8 tests[22m[2m)[22m[90m 23[2mms[22m[39m
 [32m✓[39m tests/unit/browser-tab-observability.spec.ts [2m ([22m[2m49 tests[22m[2m)[22m[90m 26[2mms[22m[39m
 [32m✓[39m tests/unit/post-conditions.spec.ts [2m ([22m[2m35 tests[22m[2m)[22m[90m 148[2mms[22m[39m
 [32m✓[39m tests/unit/dialog-warden.spec.ts [2m ([22m[2m38 tests[22m[2m)[22m[33m 1237[2mms[22m[39m
[90mstdout[2m | tests/unit/session.spec.ts[2m > [22m[2m@sutradhar/browser Session Management & Tab Lifecycle[2m > [22m[2mshould manage sessions via BrowserSessionManager[22m[39m
{"timestamp":"2026-09-30T15:02:20.414Z","level":"info","message":"[BrowserSessionManager] Created browser session sess_1790780539887_1","context":{"isIncognito":true,"initialUrl":"https://initial.com"}}

 [32m✓[39m tests/unit/page-settle.spec.ts [2m ([22m[2m8 tests[22m[2m)[22m[33m 664[2mms[22m[39m
[90mstdout[2m | tests/unit/session.spec.ts[2m > [22m[2m@sutradhar/browser Session Management & Tab Lifecycle[2m > [22m[2mshould manage sessions via BrowserSessionManager[22m[39m
{"timestamp":"2026-09-30T15:02:20.534Z","level":"info","message":"[BrowserSession] Closed session sess_1790780539887_1","context":{"reason":"User requested close"}}
{"timestamp":"2026-09-30T15:02:20.534Z","level":"info","message":"[BrowserSessionManager] Closed session sess_1790780539887_1","context":{"reason":"User requested close"}}

[90mstdout[2m | tests/unit/session.spec.ts[2m > [22m[2m@sutradhar/browser Session Management & Tab Lifecycle[2m > [22m[2mshould forward launch options (headless/viewport/etc.) to the launcher, not just isIncognito[22m[39m
{"timestamp":"2026-09-30T15:02:20.535Z","level":"info","message":"[BrowserSessionManager] Created browser session sess_1790780540535_1","context":{"isIncognito":true}}

[90mstdout[2m | tests/unit/dialog-policy.live.spec.ts[2m > [22m[2m@sutradhar/browser BrowserTab dialog policy — real Chrome (FR2-04)[2m > [22m[2mLV2: dismiss resolves confirm() with false[22m[39m
{"timestamp":"2026-09-30T15:02:20.544Z","level":"info","message":"[BrowserLauncher] Launching browser instance","context":{"executablePath":"C:\\Program Files\\Google\\Chrome\\Application\\chrome.exe","headless":true,"argsCount":11}}

[90mstderr[2m | tests/unit/session.spec.ts[2m > [22m[2m@sutradhar/browser Session Management & Tab Lifecycle[2m > [22m[2mmarks the session closed, clears its tabs, and publishes browser:session:crashed when Chrome disconnects unexpectedly[22m[39m
{"timestamp":"2026-09-30T15:02:20.881Z","level":"warn","message":"[BrowserSession] Session sess_crash crashed — Chrome disconnected unexpectedly","context":{}}

[90mstdout[2m | tests/unit/session.spec.ts[2m > [22m[2m@sutradhar/browser Session Management & Tab Lifecycle[2m > [22m[2mBrowserSessionManager drops a session once it reports crashed[22m[39m
{"timestamp":"2026-09-30T15:02:20.897Z","level":"info","message":"[BrowserSessionManager] Created browser session sess_1790780540896_1","context":{"isIncognito":false}}

[90mstderr[2m | tests/unit/session.spec.ts[2m > [22m[2m@sutradhar/browser Session Management & Tab Lifecycle[2m > [22m[2mBrowserSessionManager drops a session once it reports crashed[22m[39m
{"timestamp":"2026-09-30T15:02:20.897Z","level":"warn","message":"[BrowserSession] Session sess_1790780540896_1 crashed — Chrome disconnected unexpectedly","context":{}}
{"timestamp":"2026-09-30T15:02:20.897Z","level":"warn","message":"[BrowserSessionManager] Removed crashed session sess_1790780540896_1","context":{}}

[90mstdout[2m | tests/unit/session.spec.ts[2m > [22m[2m@sutradhar/browser Session Management & Tab Lifecycle[2m > [22m[2midle reaper is disabled by default — a session with no activity is never auto-closed[22m[39m
{"timestamp":"2026-09-30T15:02:20.911Z","level":"info","message":"[BrowserSessionManager] Created browser session sess_1790780540911_1","context":{"isIncognito":false}}

[90mstdout[2m | tests/unit/session.spec.ts[2m > [22m[2m@sutradhar/browser Session Management & Tab Lifecycle[2m > [22m[2mreaps a session once it has been idle past idleTimeoutMs[22m[39m
{"timestamp":"2026-09-30T15:02:20.941Z","level":"info","message":"[BrowserSessionManager] Created browser session sess_1790780540941_1","context":{"isIncognito":false}}
{"timestamp":"2026-09-30T15:02:21.941Z","level":"info","message":"[BrowserSession] Closed session sess_1790780540941_1","context":{"reason":"Idle timeout"}}
{"timestamp":"2026-09-30T15:02:21.941Z","level":"info","message":"[BrowserSessionManager] Closed session sess_1790780540941_1","context":{"reason":"Idle timeout"}}

[90mstderr[2m | tests/unit/session.spec.ts[2m > [22m[2m@sutradhar/browser Session Management & Tab Lifecycle[2m > [22m[2mreaps a session once it has been idle past idleTimeoutMs[22m[39m
{"timestamp":"2026-09-30T15:02:21.941Z","level":"warn","message":"[BrowserSessionManager] Reaping idle session sess_1790780540941_1 (idle for 1000ms, limit 1000ms)","context":{}}

 [32m✓[39m tests/unit/session.spec.ts [2m ([22m[2m18 tests[22m[2m)[22m[33m 1074[2mms[22m[39m
[90mstdout[2m | tests/unit/dialog-policy.live.spec.ts[2m > [22m[2m@sutradhar/browser BrowserTab dialog policy — real Chrome (FR2-04)[2m > [22m[2mLV3: accept with promptText overrides the default; no promptText uses the prompt default[22m[39m
{"timestamp":"2026-09-30T15:02:20.976Z","level":"info","message":"[BrowserLauncher] Launching browser instance","context":{"executablePath":"C:\\Program Files\\Google\\Chrome\\Application\\chrome.exe","headless":true,"argsCount":11}}

[90mstdout[2m | tests/unit/launcher.spec.ts[2m > [22m[2m@sutradhar/browser BrowserLauncher[2m > [22m[2mshould create an isolated browser context when isIncognito is set, and route newPage() through it[22m[39m
{"timestamp":"2026-09-30T15:02:21.011Z","level":"info","message":"[BrowserLauncher] Launching browser instance","context":{"executablePath":"C:\\Program Files\\Google\\Chrome\\Application\\chrome.exe","headless":true,"argsCount":11}}

[90mstdout[2m | tests/unit/browser-action-engine.spec.ts[2m > [22m[2m@sutradhar/browser BrowserActionEngine click occlusion detection[2m > [22m[2mdoes not trigger the fallback click when the CDP click already navigated the page away[22m[39m
{"timestamp":"2026-09-30T15:02:21.373Z","level":"info","message":"[BrowserActionEngine] Executing action click","context":{"tabId":"tab_1","selector":"button[type=\"submit\"]"}}

[90mstdout[2m | tests/unit/browser-action-engine.spec.ts[2m > [22m[2m@sutradhar/browser BrowserActionEngine click occlusion detection[2m > [22m[2mclick_by_role now goes through the occlusion-safe path and reports a real miss instead of swallowing it[22m[39m
{"timestamp":"2026-09-30T15:02:21.374Z","level":"info","message":"[BrowserActionEngine] Executing action click_by_role","context":{"tabId":"tab_1"}}

[90mstderr[2m | tests/unit/browser-action-engine.spec.ts[2m > [22m[2m@sutradhar/browser BrowserActionEngine click occlusion detection[2m > [22m[2mclick_by_role now goes through the occlusion-safe path and reports a real miss instead of swallowing it[22m[39m
{"timestamp":"2026-09-30T15:02:21.374Z","level":"warn","message":"[BrowserActionEngine] Action click_by_role failed (attempt 1/1): Element matching \"aria/[role=\"button\"]\" is occluded by another element at its click point — a click would not reach the intended target","context":{}}
{"timestamp":"2026-09-30T15:02:21.374Z","level":"warn","message":"[BrowserActionEngine] Skipping failure screenshot: tab.page.screenshot is not a function","context":{}}

[90mstdout[2m | tests/unit/browser-action-engine.spec.ts[2m > [22m[2m@sutradhar/browser BrowserActionEngine click occlusion detection[2m > [22m[2mclick_by_text now goes through the occlusion-safe path and reports a real miss instead of swallowing it (PROB-012)[22m[39m
{"timestamp":"2026-09-30T15:02:21.375Z","level":"info","message":"[BrowserActionEngine] Executing action click_by_text","context":{"tabId":"tab_1","text":"Submit"}}

[90mstderr[2m | tests/unit/browser-action-engine.spec.ts[2m > [22m[2m@sutradhar/browser BrowserActionEngine click occlusion detection[2m > [22m[2mclick_by_text now goes through the occlusion-safe path and reports a real miss instead of swallowing it (PROB-012)[22m[39m
{"timestamp":"2026-09-30T15:02:21.375Z","level":"warn","message":"[BrowserActionEngine] Action click_by_text failed (attempt 1/1): Element matching \"xpath///*[contains(., \"Submit\") and not(.//*[contains(., \"Submit\")])]\" is occluded by another element at its click point — a click would not reach the intended target","context":{}}
{"timestamp":"2026-09-30T15:02:21.375Z","level":"warn","message":"[BrowserActionEngine] Skipping failure screenshot: tab.page.screenshot is not a function","context":{}}

[90mstdout[2m | tests/unit/browser-action-engine.spec.ts[2m > [22m[2m@sutradhar/browser BrowserActionEngine click occlusion detection[2m > [22m[2mclick_by_text uses a concatenated-descendant-text XPath match, not text()-only — so it can find a phrase split across sibling elements (e.g. <mark>-highlighted search terms), preferring the deepest match[22m[39m
{"timestamp":"2026-09-30T15:02:21.375Z","level":"info","message":"[BrowserActionEngine] Executing action click_by_text","context":{"tabId":"tab_1","text":"artificial intelligence in healthcare"}}

[90mstdout[2m | tests/unit/browser-action-engine.spec.ts[2m > [22m[2m@sutradhar/browser BrowserActionEngine click occlusion detection[2m > [22m[2mclick_by_role resolves via Puppeteer's aria/ selector engine, not a plain [role="x"] CSS selector — so it matches implicit roles too[22m[39m
{"timestamp":"2026-09-30T15:02:21.376Z","level":"info","message":"[BrowserActionEngine] Executing action click_by_role","context":{"tabId":"tab_1"}}

[90mstdout[2m | tests/unit/browser-action-engine.spec.ts[2m > [22m[2m@sutradhar/browser BrowserActionEngine click occlusion detection[2m > [22m[2mclick_by_role reports a clear not-found error (role + name) rather than a generic selector-mismatch message[22m[39m
{"timestamp":"2026-09-30T15:02:21.376Z","level":"info","message":"[BrowserActionEngine] Executing action click_by_role","context":{"tabId":"tab_1"}}

[90mstderr[2m | tests/unit/browser-action-engine.spec.ts[2m > [22m[2m@sutradhar/browser BrowserActionEngine click occlusion detection[2m > [22m[2mclick_by_role reports a clear not-found error (role + name) rather than a generic selector-mismatch message[22m[39m
{"timestamp":"2026-09-30T15:02:21.376Z","level":"warn","message":"[BrowserActionEngine] Action click_by_role failed (attempt 1/1): No visible element found with role \"checkbox\" and accessible name \"Accept terms\"","context":{}}
{"timestamp":"2026-09-30T15:02:21.376Z","level":"warn","message":"[BrowserActionEngine] Skipping failure screenshot: tab.page.screenshot is not a function","context":{}}

[90mstdout[2m | tests/unit/browser-action-engine.spec.ts[2m > [22m[2m@sutradhar/browser BrowserActionEngine click occlusion detection[2m > [22m[2mupload_file throws instead of silently no-oping when the selector matches nothing[22m[39m
{"timestamp":"2026-09-30T15:02:21.376Z","level":"info","message":"[BrowserActionEngine] Executing action upload_file","context":{"tabId":"tab_1","selector":"#does-not-exist"}}

[90mstderr[2m | tests/unit/browser-action-engine.spec.ts[2m > [22m[2m@sutradhar/browser BrowserActionEngine click occlusion detection[2m > [22m[2mupload_file throws instead of silently no-oping when the selector matches nothing[22m[39m
{"timestamp":"2026-09-30T15:02:21.377Z","level":"warn","message":"[BrowserActionEngine] Action upload_file failed (attempt 1/1): No file input found for selector: #does-not-exist","context":{}}
{"timestamp":"2026-09-30T15:02:21.377Z","level":"warn","message":"[BrowserActionEngine] Skipping failure screenshot: tab.page.screenshot is not a function","context":{}}

[90mstdout[2m | tests/unit/browser-action-engine.spec.ts[2m > [22m[2m@sutradhar/browser BrowserActionEngine click occlusion detection[2m > [22m[2mupload_file rejects a filePath that does not exist, before ever touching the page[22m[39m
{"timestamp":"2026-09-30T15:02:21.377Z","level":"info","message":"[BrowserActionEngine] Executing action upload_file","context":{"tabId":"tab_1","selector":"#file-input"}}

[90mstderr[2m | tests/unit/browser-action-engine.spec.ts[2m > [22m[2m@sutradhar/browser BrowserActionEngine click occlusion detection[2m > [22m[2mupload_file rejects a filePath that does not exist, before ever touching the page[22m[39m
{"timestamp":"2026-09-30T15:02:21.377Z","level":"warn","message":"[BrowserActionEngine] Action upload_file failed (attempt 1/1): Upload file \"E:/definitely/does/not/exist/nope.txt\" does not exist or is not accessible.","context":{}}
{"timestamp":"2026-09-30T15:02:21.377Z","level":"warn","message":"[BrowserActionEngine] Skipping failure screenshot: tab.page.screenshot is not a function","context":{}}

[90mstdout[2m | tests/unit/browser-action-engine.spec.ts[2m > [22m[2m@sutradhar/browser BrowserActionEngine click occlusion detection[2m > [22m[2mupload_file rejects a filePath outside allowedUploadRoots when configured[22m[39m
{"timestamp":"2026-09-30T15:02:21.377Z","level":"info","message":"[BrowserActionEngine] Executing action upload_file","context":{"tabId":"tab_1","selector":"#file-input"}}

 [32m✓[39m tests/unit/execution-verifier.spec.ts [2m ([22m[2m21 tests[22m[2m)[22m[33m 1556[2mms[22m[39m
[90mstdout[2m | tests/unit/browser-action-engine.spec.ts[2m > [22m[2m@sutradhar/browser BrowserActionEngine click occlusion detection[2m > [22m[2mupload_file rejects a filePath outside allowedUploadRoots when configured[22m[39m
<empty line>
[90mstderr[2m | tests/unit/browser-action-engine.spec.ts[2m > [22m[2m@sutradhar/browser BrowserActionEngine click occlusion detection[2m > [22m[2mupload_file rejects a filePath outside allowedUploadRoots when configured[22m[39m
{"timestamp":"2026-09-30T15:02:21.429Z","level":"warn","message":"[BrowserActionEngine] Action upload_file failed (attempt 1/1): Upload file \"E:\\AI-Cache\\tmp\\fr211-master\\packages\\browser\\tests\\unit\\browser-action-engine.spec.ts\" is outside the allowed upload directories (E:\\AI-Cache\\tmp\\fr211-master\\packages\\browser\\tests\\unit\\some-other-subdir-that-does-not-contain-this-file).","context":{}}
{"timestamp":"2026-09-30T15:02:21.429Z","level":"warn","message":"[BrowserActionEngine] Skipping failure screenshot: tab.page.screenshot is not a function","context":{}}

[90mstdout[2m | tests/unit/browser-action-engine.spec.ts[2m > [22m[2m@sutradhar/browser BrowserActionEngine click occlusion detection[2m > [22m[2mupload_file allows any existing file when allowedUploadRoots is not configured (default, unrestricted)[22m[39m
{"timestamp":"2026-09-30T15:02:21.430Z","level":"info","message":"[BrowserActionEngine] Executing action upload_file","context":{"tabId":"tab_1","selector":"#file-input"}}

[90mstdout[2m | tests/unit/browser-action-engine.spec.ts[2m > [22m[2m@sutradhar/browser BrowserActionEngine click occlusion detection[2m > [22m[2mtype_by_label throws instead of silently typing into the wrong input on a label mismatch[22m[39m
{"timestamp":"2026-09-30T15:02:21.430Z","level":"info","message":"[BrowserActionEngine] Executing action type_by_label","context":{"tabId":"tab_1"}}

[90mstderr[2m | tests/unit/browser-action-engine.spec.ts[2m > [22m[2m@sutradhar/browser BrowserActionEngine click occlusion detection[2m > [22m[2mtype_by_label throws instead of silently typing into the wrong input on a label mismatch[22m[39m
{"timestamp":"2026-09-30T15:02:21.431Z","level":"warn","message":"[BrowserActionEngine] Action type_by_label failed (attempt 1/1): No input found matching label: Does Not Exist","context":{}}
{"timestamp":"2026-09-30T15:02:21.431Z","level":"warn","message":"[BrowserActionEngine] Skipping failure screenshot: tab.page.screenshot is not a function","context":{}}

[90mstdout[2m | tests/unit/browser-action-engine.spec.ts[2m > [22m[2m@sutradhar/browser BrowserActionEngine ExecutionVerifier wiring[2m > [22m[2mattaches an honest verification result to a successful action with no spec and no built-in post-condition check — verified false, not a fabricated true[22m[39m
{"timestamp":"2026-09-30T15:02:21.431Z","level":"info","message":"[BrowserActionEngine] Executing action press_key","context":{"tabId":"tab_1"}}

[90mstdout[2m | tests/unit/browser-action-engine.spec.ts[2m > [22m[2m@sutradhar/browser BrowserActionEngine ExecutionVerifier wiring[2m > [22m[2mreports verification.verified:false (without failing the action) when a shouldUrlChange spec is not met[22m[39m
{"timestamp":"2026-09-30T15:02:21.431Z","level":"info","message":"[BrowserActionEngine] Executing action press_key","context":{"tabId":"tab_1"}}

[90mstdout[2m | tests/unit/browser-action-engine.spec.ts[2m > [22m[2m@sutradhar/browser BrowserActionEngine ExecutionVerifier wiring[2m > [22m[2mdowngrades to verified:false when candidateConfidence is below the low-confidence threshold[22m[39m
{"timestamp":"2026-09-30T15:02:21.432Z","level":"info","message":"[BrowserActionEngine] Executing action press_key","context":{"tabId":"tab_1"}}

[90mstdout[2m | tests/unit/browser-action-engine.spec.ts[2m > [22m[2m@sutradhar/browser BrowserActionEngine ExecutionVerifier wiring[2m > [22m[2mdoes not fabricate verified:true from candidateConfidence alone — a spec-less action stays honestly unverified even at a high confidence[22m[39m
{"timestamp":"2026-09-30T15:02:21.432Z","level":"info","message":"[BrowserActionEngine] Executing action press_key","context":{"tabId":"tab_1"}}

[90mstdout[2m | tests/unit/browser-action-engine.spec.ts[2m > [22m[2m@sutradhar/browser BrowserActionEngine ExecutionVerifier wiring[2m > [22m[2mreports verified:true (with the real confidence) for a self-verifying action type even with no spec[22m[39m
{"timestamp":"2026-09-30T15:02:21.432Z","level":"info","message":"[BrowserActionEngine] Executing action click","context":{"tabId":"tab_1","selector":"#start button"}}

[90mstdout[2m | tests/unit/browser-action-engine.spec.ts[2m > [22m[2m@sutradhar/browser BrowserActionEngine ExecutionVerifier wiring[2m > [22m[2mreports verified:true for click_by_text too, now that it goes through the same occlusion-safe path (closes PROB-012)[22m[39m
{"timestamp":"2026-09-30T15:02:21.432Z","level":"info","message":"[BrowserActionEngine] Executing action click_by_text","context":{"tabId":"tab_1","text":"Submit"}}

[90mstdout[2m | tests/unit/browser-action-engine.spec.ts[2m > [22m[2m@sutradhar/browser BrowserActionEngine node-id staleness guard[2m > [22m[2mrejects a click on a selector stamped with an older generation than the page currently has[22m[39m
{"timestamp":"2026-09-30T15:02:21.433Z","level":"info","message":"[BrowserActionEngine] Executing action click","context":{"tabId":"tab_1","selector":"[data-sd-node-id=\"7\"]"}}

[90mstderr[2m | tests/unit/browser-action-engine.spec.ts[2m > [22m[2m@sutradhar/browser BrowserActionEngine node-id staleness guard[2m > [22m[2mrejects a click on a selector stamped with an older generation than the page currently has[22m[39m
{"timestamp":"2026-09-30T15:02:21.433Z","level":"warn","message":"[BrowserActionEngine] Action click failed (attempt 1/1): Element matching \"[data-sd-node-id=\"7\"]\" is from a stale snapshot (the page has been re-snapshotted since) — call browser.snapshot again and use a fresh node id.","context":{}}
{"timestamp":"2026-09-30T15:02:21.433Z","level":"warn","message":"[BrowserActionEngine] Skipping failure screenshot: tab.page.screenshot is not a function","context":{}}

[90mstdout[2m | tests/unit/browser-action-engine.spec.ts[2m > [22m[2m@sutradhar/browser BrowserActionEngine node-id staleness guard[2m > [22m[2mwarns but still proceeds when a selector's content differs from snapshot time (does NOT hard-block, since this is also the normal signature of ordinary live-updating content, not just virtualized-list recycling)[22m[39m
{"timestamp":"2026-09-30T15:02:21.433Z","level":"info","message":"[BrowserActionEngine] Executing action click","context":{"tabId":"tab_1","selector":"[data-sd-node-id=\"7\"]"}}

[90mstderr[2m | tests/unit/browser-action-engine.spec.ts[2m > [22m[2m@sutradhar/browser BrowserActionEngine node-id staleness guard[2m > [22m[2mwarns but still proceeds when a selector's content differs from snapshot time (does NOT hard-block, since this is also the normal signature of ordinary live-updating content, not just virtualized-list recycling)[22m[39m
{"timestamp":"2026-09-30T15:02:21.433Z","level":"warn","message":"[BrowserActionEngine] Element matching \"[data-sd-node-id=\"7\"]\" shows different content than when it was snapshotted — proceeding, but if this element is inside a virtualized/windowed list this may be acting on a recycled node's new row rather than the originally-intended one. Re-snapshot to confirm if the target's identity matters here.","context":{}}

[90mstdout[2m | tests/unit/browser-action-engine.spec.ts[2m > [22m[2m@sutradhar/browser BrowserActionEngine node-id staleness guard[2m > [22m[2mdoes not block a plain CSS selector with no generation stamp[22m[39m
{"timestamp":"2026-09-30T15:02:21.433Z","level":"info","message":"[BrowserActionEngine] Executing action click","context":{"tabId":"tab_1","selector":"#submit"}}

[90mstdout[2m | tests/unit/browser-action-engine.spec.ts[2m > [22m[2m@sutradhar/browser BrowserActionEngine duplicate-action guard[2m > [22m[2mrejects an immediate repeat click on the same target, without re-dispatching[22m[39m
{"timestamp":"2026-09-30T15:02:21.434Z","level":"info","message":"[BrowserActionEngine] Executing action click","context":{"tabId":"tab_1","selector":"#submit"}}

[90mstdout[2m | tests/unit/browser-action-engine.spec.ts[2m > [22m[2m@sutradhar/browser BrowserActionEngine duplicate-action guard[2m > [22m[2mdoes NOT reject repeated press_key calls on the same key (fixes PROB-037 — Tab-Tab-Tab through a form, ArrowDown-ArrowDown through a dropdown, etc. are legitimate, not accidental double-dispatch)[22m[39m
{"timestamp":"2026-09-30T15:02:21.434Z","level":"info","message":"[BrowserActionEngine] Executing action press_key","context":{"tabId":"tab_1"}}
{"timestamp":"2026-09-30T15:02:21.434Z","level":"info","message":"[BrowserActionEngine] Executing action press_key","context":{"tabId":"tab_1"}}
{"timestamp":"2026-09-30T15:02:21.434Z","level":"info","message":"[BrowserActionEngine] Executing action press_key","context":{"tabId":"tab_1"}}

[90mstdout[2m | tests/unit/browser-action-engine.spec.ts[2m > [22m[2m@sutradhar/browser BrowserActionEngine duplicate-action guard[2m > [22m[2mdoes not guard non-mutating actions like wait_for_selector[22m[39m
{"timestamp":"2026-09-30T15:02:21.434Z","level":"info","message":"[BrowserActionEngine] Executing action wait_for_selector","context":{"tabId":"tab_1","selector":"#thing"}}
{"timestamp":"2026-09-30T15:02:21.435Z","level":"info","message":"[BrowserActionEngine] Executing action wait_for_selector","context":{"tabId":"tab_1","selector":"#thing"}}

[90mstdout[2m | tests/unit/browser-action-engine.spec.ts[2m > [22m[2m@sutradhar/browser BrowserActionEngine duplicate-action guard[2m > [22m[2mdoes not block the internal retry loop within a single executeAction call[22m[39m
{"timestamp":"2026-09-30T15:02:21.435Z","level":"info","message":"[BrowserActionEngine] Executing action click","context":{"tabId":"tab_1","selector":"#retry-me"}}

[90mstderr[2m | tests/unit/browser-action-engine.spec.ts[2m > [22m[2m@sutradhar/browser BrowserActionEngine duplicate-action guard[2m > [22m[2mdoes not block the internal retry loop within a single executeAction call[22m[39m
{"timestamp":"2026-09-30T15:02:21.435Z","level":"warn","message":"[BrowserActionEngine] Action click failed (attempt 1/3): No visible element found for selector: #retry-me","context":{}}

[90mstdout[2m | tests/unit/dialog-policy.live.spec.ts[2m > [22m[2m@sutradhar/browser BrowserTab dialog policy — real Chrome (FR2-04)[2m > [22m[2mLV4: report leaves the dialog pending until handleDialog is called[22m[39m
{"timestamp":"2026-09-30T15:02:21.556Z","level":"info","message":"[BrowserLauncher] Launching browser instance","context":{"executablePath":"C:\\Program Files\\Google\\Chrome\\Application\\chrome.exe","headless":true,"argsCount":11}}

[90mstdout[2m | tests/unit/launcher.spec.ts[2m > [22m[2m@sutradhar/browser BrowserLauncher[2m > [22m[2mshould apply a custom viewport to pages created after launch[22m[39m
{"timestamp":"2026-09-30T15:02:21.586Z","level":"info","message":"[BrowserLauncher] Launching browser instance","context":{"executablePath":"C:\\Program Files\\Google\\Chrome\\Application\\chrome.exe","headless":true,"argsCount":11}}

[90mstdout[2m | tests/unit/browser-action-engine.spec.ts[2m > [22m[2m@sutradhar/browser BrowserActionEngine type clears existing content first[2m > [22m[2mtriple-clicks to select existing text, backspaces it, then types the new value, in that order[22m[39m
{"timestamp":"2026-09-30T15:02:21.952Z","level":"info","message":"[BrowserActionEngine] Executing action type","context":{"tabId":"tab_1","selector":"#field"}}

[90mstdout[2m | tests/unit/browser-action-engine.spec.ts[2m > [22m[2m@sutradhar/browser BrowserActionEngine type clears existing content first[2m > [22m[2mthrows (does not report success) when the typed value never lands, even after a native-setter repair attempt — fixes the field-report remediation's A1 finding[22m[39m
{"timestamp":"2026-09-30T15:02:21.953Z","level":"info","message":"[BrowserActionEngine] Executing action type","context":{"tabId":"tab_1","selector":"#field"}}

[90mstderr[2m | tests/unit/browser-action-engine.spec.ts[2m > [22m[2m@sutradhar/browser BrowserActionEngine type clears existing content first[2m > [22m[2mthrows (does not report success) when the typed value never lands, even after a native-setter repair attempt — fixes the field-report remediation's A1 finding[22m[39m
{"timestamp":"2026-09-30T15:02:21.953Z","level":"warn","message":"[BrowserActionEngine] Action type failed (attempt 1/1): type did not land the expected value — expected \"Ada\", but the element's real content reads \"\" even after a native-setter repair attempt. The page may be intercepting/resetting input in a way neither path could overcome.","context":{}}
{"timestamp":"2026-09-30T15:02:21.953Z","level":"warn","message":"[BrowserActionEngine] Skipping failure screenshot: tab.page.screenshot is not a function","context":{}}

[90mstdout[2m | tests/unit/browser-action-engine.spec.ts[2m > [22m[2m@sutradhar/browser BrowserActionEngine type clears existing content first[2m > [22m[2mfalls back to the native-setter fill when the normal type sequence leaves a mismatch, and succeeds if that lands the value[22m[39m
{"timestamp":"2026-09-30T15:02:21.953Z","level":"info","message":"[BrowserActionEngine] Executing action type","context":{"tabId":"tab_1","selector":"#field"}}

[90mstdout[2m | tests/unit/browser-action-engine.spec.ts[2m > [22m[2m@sutradhar/browser BrowserActionEngine type clears existing content first[2m > [22m[2mtreats a live-input-masked value as landed correctly once it survives a real blur — e.g. Stripe Elements formatting a card number with spaces[22m[39m
{"timestamp":"2026-09-30T15:02:21.953Z","level":"info","message":"[BrowserActionEngine] Executing action type","context":{"tabId":"tab_1","selector":"#card-number"}}

[90mstdout[2m | tests/unit/browser-action-engine.spec.ts[2m > [22m[2m@sutradhar/browser BrowserActionEngine type clears existing content first[2m > [22m[2mtreats a masked value with inserted separators (slash, dash) as landed correctly once it survives a real blur — e.g. an expiry-date field[22m[39m
{"timestamp":"2026-09-30T15:02:21.953Z","level":"info","message":"[BrowserActionEngine] Executing action type","context":{"tabId":"tab_1","selector":"#expiry"}}

[90mstdout[2m | tests/unit/browser-action-engine.spec.ts[2m > [22m[2m@sutradhar/browser BrowserActionEngine type clears existing content first[2m > [22m[2mcatches a masked value that drifts on blur — fixes the Stripe expiry-field digit-loss bug found live (only manifests once focus moves to the next field, e.g. CVC)[22m[39m
{"timestamp":"2026-09-30T15:02:21.953Z","level":"info","message":"[BrowserActionEngine] Executing action type","context":{"tabId":"tab_1","selector":"#expiry"}}

[90mstderr[2m | tests/unit/browser-action-engine.spec.ts[2m > [22m[2m@sutradhar/browser BrowserActionEngine type clears existing content first[2m > [22m[2mcatches a masked value that drifts on blur — fixes the Stripe expiry-field digit-loss bug found live (only manifests once focus moves to the next field, e.g. CVC)[22m[39m
{"timestamp":"2026-09-30T15:02:21.953Z","level":"warn","message":"[BrowserActionEngine] Action type failed (attempt 1/1): type did not land the expected value — expected \"1230\", but the element's real content reads \"12 / 3\" even after a native-setter repair attempt. The page may be intercepting/resetting input in a way neither path could overcome.","context":{}}
{"timestamp":"2026-09-30T15:02:21.954Z","level":"warn","message":"[BrowserActionEngine] Skipping failure screenshot: tab.page.screenshot is not a function","context":{}}

[90mstdout[2m | tests/unit/browser-action-engine.spec.ts[2m > [22m[2m@sutradhar/browser BrowserActionEngine type clears existing content first[2m > [22m[2mstill fails a genuinely truncated value even though it would pass a naive substring check[22m[39m
{"timestamp":"2026-09-30T15:02:21.954Z","level":"info","message":"[BrowserActionEngine] Executing action type","context":{"tabId":"tab_1","selector":"#card-number"}}

[90mstderr[2m | tests/unit/browser-action-engine.spec.ts[2m > [22m[2m@sutradhar/browser BrowserActionEngine type clears existing content first[2m > [22m[2mstill fails a genuinely truncated value even though it would pass a naive substring check[22m[39m
{"timestamp":"2026-09-30T15:02:21.954Z","level":"warn","message":"[BrowserActionEngine] Action type failed (attempt 1/1): type did not land the expected value — expected \"4242424242424242\", but the element's real content reads \"4242 4242\" even after a native-setter repair attempt. The page may be intercepting/resetting input in a way neither path could overcome.","context":{}}
{"timestamp":"2026-09-30T15:02:21.954Z","level":"warn","message":"[BrowserActionEngine] Skipping failure screenshot: tab.page.screenshot is not a function","context":{}}

[90mstdout[2m | tests/unit/browser-action-engine.spec.ts[2m > [22m[2m@sutradhar/browser BrowserActionEngine retry does not interleave with an in-flight dispatch (fixes A2)[2m > [22m[2mdoes not start a second dispatch until a timed-out first attempt has settled[22m[39m
{"timestamp":"2026-09-30T15:02:21.954Z","level":"info","message":"[BrowserActionEngine] Executing action type","context":{"tabId":"tab_1","selector":"#field"}}

[90mstdout[2m | tests/unit/browser-action-engine.spec.ts[2m > [22m[2m@sutradhar/browser BrowserActionEngine retry does not interleave with an in-flight dispatch (fixes A2)[2m > [22m[2mdoes not start a second dispatch until a timed-out first attempt has settled[22m[39m
<empty line>
[90mstderr[2m | tests/unit/browser-action-engine.spec.ts[2m > [22m[2m@sutradhar/browser BrowserActionEngine retry does not interleave with an in-flight dispatch (fixes A2)[2m > [22m[2mdoes not start a second dispatch until a timed-out first attempt has settled[22m[39m
{"timestamp":"2026-09-30T15:02:22.061Z","level":"warn","message":"[BrowserActionEngine] Action type failed (attempt 1/2): Action type timed out after 50ms","context":{}}

 [32m✓[39m tests/unit/launcher.spec.ts [2m ([22m[2m18 tests[22m[2m)[22m[33m 2272[2mms[22m[39m
[90mstdout[2m | tests/unit/browser-action-engine.spec.ts[2m > [22m[2m@sutradhar/browser BrowserActionEngine retry does not interleave with an in-flight dispatch (fixes A2)[2m > [22m[2mdoes not start a second dispatch until a timed-out first attempt has settled[22m[39m
<empty line>
[90mstderr[2m | tests/unit/browser-action-engine.spec.ts[2m > [22m[2m@sutradhar/browser BrowserActionEngine retry does not interleave with an in-flight dispatch (fixes A2)[2m > [22m[2mdoes not start a second dispatch until a timed-out first attempt has settled[22m[39m
{"timestamp":"2026-09-30T15:02:22.577Z","level":"warn","message":"[BrowserActionEngine] Action type failed (attempt 2/2): s.replace is not a function","context":{}}
{"timestamp":"2026-09-30T15:02:22.577Z","level":"warn","message":"[BrowserActionEngine] Skipping failure screenshot: tab.page.screenshot is not a function","context":{}}

[90mstdout[2m | tests/unit/browser-action-engine.spec.ts[2m > [22m[2m@sutradhar/browser BrowserActionEngine duplicate-action guard covers click_by_role/click_by_text targets (fixes the field-report remediation's new finding)[2m > [22m[2mdoes NOT reject two different click_by_role calls (different role/name) within the duplicate window[22m[39m
{"timestamp":"2026-09-30T15:02:22.577Z","level":"info","message":"[BrowserActionEngine] Executing action click_by_role","context":{"tabId":"tab_1"}}
{"timestamp":"2026-09-30T15:02:22.577Z","level":"info","message":"[BrowserActionEngine] Executing action click_by_role","context":{"tabId":"tab_1"}}

[90mstdout[2m | tests/unit/browser-action-engine.spec.ts[2m > [22m[2m@sutradhar/browser BrowserActionEngine duplicate-action guard covers click_by_role/click_by_text targets (fixes the field-report remediation's new finding)[2m > [22m[2mDOES still reject a true duplicate — same role/name, same tab, within the window[22m[39m
{"timestamp":"2026-09-30T15:02:22.578Z","level":"info","message":"[BrowserActionEngine] Executing action click_by_role","context":{"tabId":"tab_1"}}

[90mstdout[2m | tests/unit/browser-action-engine.spec.ts[2m > [22m[2m@sutradhar/browser BrowserActionEngine context-destroyed diagnosis beyond click[2m > [22m[2mrethrows a clear "page navigated away" diagnosis when type hits an execution-context-destroyed error[22m[39m
{"timestamp":"2026-09-30T15:02:22.578Z","level":"info","message":"[BrowserActionEngine] Executing action type","context":{"tabId":"tab_1","selector":"#field"}}

[90mstderr[2m | tests/unit/browser-action-engine.spec.ts[2m > [22m[2m@sutradhar/browser BrowserActionEngine context-destroyed diagnosis beyond click[2m > [22m[2mrethrows a clear "page navigated away" diagnosis when type hits an execution-context-destroyed error[22m[39m
{"timestamp":"2026-09-30T15:02:22.578Z","level":"warn","message":"[BrowserActionEngine] Action type failed (attempt 1/1): Page navigated away mid-action while executing 'type' — the action may have already taken effect before the navigation (original error: Execution context was destroyed, most likely because of a navigation.)","context":{}}
{"timestamp":"2026-09-30T15:02:22.578Z","level":"warn","message":"[BrowserActionEngine] Skipping failure screenshot: tab.page.screenshot is not a function","context":{}}

[90mstdout[2m | tests/unit/browser-action-engine.spec.ts[2m > [22m[2m@sutradhar/browser BrowserActionEngine context-destroyed diagnosis beyond click[2m > [22m[2mleaves an unrelated type error untouched[22m[39m
{"timestamp":"2026-09-30T15:02:22.578Z","level":"info","message":"[BrowserActionEngine] Executing action type","context":{"tabId":"tab_1","selector":"#field"}}

[90mstderr[2m | tests/unit/browser-action-engine.spec.ts[2m > [22m[2m@sutradhar/browser BrowserActionEngine context-destroyed diagnosis beyond click[2m > [22m[2mleaves an unrelated type error untouched[22m[39m
{"timestamp":"2026-09-30T15:02:22.579Z","level":"warn","message":"[BrowserActionEngine] Action type failed (attempt 1/1): some other failure","context":{}}
{"timestamp":"2026-09-30T15:02:22.579Z","level":"warn","message":"[BrowserActionEngine] Skipping failure screenshot: tab.page.screenshot is not a function","context":{}}

[90mstdout[2m | tests/unit/browser-action-engine.spec.ts[2m > [22m[2m@sutradhar/browser BrowserActionEngine keyboard modifiers[2m > [22m[2mpresses and releases modifiers around press_key, in reverse order on release[22m[39m
{"timestamp":"2026-09-30T15:02:22.579Z","level":"info","message":"[BrowserActionEngine] Executing action press_key","context":{"tabId":"tab_1"}}

[90mstdout[2m | tests/unit/browser-action-engine.spec.ts[2m > [22m[2m@sutradhar/browser BrowserActionEngine keyboard modifiers[2m > [22m[2mreleases modifiers even when the underlying action throws[22m[39m
{"timestamp":"2026-09-30T15:02:22.579Z","level":"info","message":"[BrowserActionEngine] Executing action press_key","context":{"tabId":"tab_1"}}

[90mstderr[2m | tests/unit/browser-action-engine.spec.ts[2m > [22m[2m@sutradhar/browser BrowserActionEngine keyboard modifiers[2m > [22m[2mreleases modifiers even when the underlying action throws[22m[39m
{"timestamp":"2026-09-30T15:02:22.579Z","level":"warn","message":"[BrowserActionEngine] Action press_key failed (attempt 1/1): boom","context":{}}
{"timestamp":"2026-09-30T15:02:22.579Z","level":"warn","message":"[BrowserActionEngine] Skipping failure screenshot: tab.page.screenshot is not a function","context":{}}

[90mstdout[2m | tests/unit/browser-action-engine.spec.ts[2m > [22m[2m@sutradhar/browser BrowserActionEngine keyboard modifiers[2m > [22m[2mdoes not touch the keyboard at all when no modifiers are given[22m[39m
{"timestamp":"2026-09-30T15:02:22.580Z","level":"info","message":"[BrowserActionEngine] Executing action press_key","context":{"tabId":"tab_1"}}

[90mstdout[2m | tests/unit/browser-action-engine.spec.ts[2m > [22m[2m@sutradhar/browser BrowserActionEngine multi-select[2m > [22m[2mselects multiple values when `values` is given[22m[39m
{"timestamp":"2026-09-30T15:02:22.580Z","level":"info","message":"[BrowserActionEngine] Executing action select_option","context":{"tabId":"tab_1","selector":"#colors"}}

[90mstdout[2m | tests/unit/browser-action-engine.spec.ts[2m > [22m[2m@sutradhar/browser BrowserActionEngine multi-select[2m > [22m[2mstill supports a single `value` for backward compatibility[22m[39m
{"timestamp":"2026-09-30T15:02:22.580Z","level":"info","message":"[BrowserActionEngine] Executing action select_option","context":{"tabId":"tab_1","selector":"#colors"}}

[90mstdout[2m | tests/unit/browser-action-engine.spec.ts[2m > [22m[2m@sutradhar/browser BrowserActionEngine multi-select[2m > [22m[2mthrows when the read-back selected value does not match what was requested[22m[39m
{"timestamp":"2026-09-30T15:02:22.580Z","level":"info","message":"[BrowserActionEngine] Executing action select_option","context":{"tabId":"tab_1","selector":"#colors"}}

[90mstderr[2m | tests/unit/browser-action-engine.spec.ts[2m > [22m[2m@sutradhar/browser BrowserActionEngine multi-select[2m > [22m[2mthrows when the read-back selected value does not match what was requested[22m[39m
{"timestamp":"2026-09-30T15:02:22.580Z","level":"warn","message":"[BrowserActionEngine] Action select_option failed (attempt 1/1): select_option did not land the expected value(s) — expected [\"red\"], but the element's real selected value(s) read back as [\"green\"].","context":{}}
{"timestamp":"2026-09-30T15:02:22.580Z","level":"warn","message":"[BrowserActionEngine] Skipping failure screenshot: tab.page.screenshot is not a function","context":{}}

[90mstdout[2m | tests/unit/browser-action-engine.spec.ts[2m > [22m[2m@sutradhar/browser BrowserActionEngine per-tab action concurrency guard[2m > [22m[2mserializes two concurrent actions against the same tab instead of interleaving them[22m[39m
{"timestamp":"2026-09-30T15:02:22.581Z","level":"info","message":"[BrowserActionEngine] Executing action press_key","context":{"tabId":"tab_1"}}

[90mstdout[2m | tests/unit/dialog-policy.live.spec.ts[2m > [22m[2m@sutradhar/browser BrowserTab dialog policy — real Chrome (FR2-04)[2m > [22m[2mLV5: tab.targetId is a non-empty string matching the real CDP target id for that page[22m[39m
{"timestamp":"2026-09-30T15:02:23.439Z","level":"info","message":"[BrowserLauncher] Launching browser instance","context":{"executablePath":"C:\\Program Files\\Google\\Chrome\\Application\\chrome.exe","headless":true,"argsCount":11}}

 [32m✓[39m tests/unit/dialog-policy.live.spec.ts [2m ([22m[2m5 tests[22m[2m)[22m[33m 4043[2mms[22m[39m
 [32m✓[39m tests/unit/expect-text-matrix.spec.ts [2m ([22m[2m195 tests[22m[2m)[22m[33m 4761[2mms[22m[39m
[90mstdout[2m | tests/unit/browser-action-engine.spec.ts[2m > [22m[2m@sutradhar/browser BrowserActionEngine per-tab action concurrency guard[2m > [22m[2mserializes two concurrent actions against the same tab instead of interleaving them[22m[39m
{"timestamp":"2026-09-30T15:02:22.607Z","level":"info","message":"[BrowserActionEngine] Executing action press_key","context":{"tabId":"tab_1"}}

[90mstdout[2m | tests/unit/browser-action-engine.spec.ts[2m > [22m[2m@sutradhar/browser BrowserActionEngine per-tab action concurrency guard[2m > [22m[2mdoes not serialize actions against two different tabs[22m[39m
{"timestamp":"2026-09-30T15:02:22.608Z","level":"info","message":"[BrowserActionEngine] Executing action press_key","context":{"tabId":"tab_A"}}
{"timestamp":"2026-09-30T15:02:22.608Z","level":"info","message":"[BrowserActionEngine] Executing action press_key","context":{"tabId":"tab_B"}}

[90mstdout[2m | tests/unit/browser-action-engine.spec.ts[2m > [22m[2m@sutradhar/browser BrowserActionEngine cross-frame element resolution[2m > [22m[2mresolves and clicks an element that only exists in a nested iframe, not the main frame[22m[39m
{"timestamp":"2026-09-30T15:02:22.608Z","level":"info","message":"[BrowserActionEngine] Executing action click","context":{"tabId":"tab_1","selector":"#inside-iframe"}}

[90mstdout[2m | tests/unit/browser-action-engine.spec.ts[2m > [22m[2m@sutradhar/browser BrowserActionEngine cross-frame element resolution[2m > [22m[2mreports a clear not-found error when no frame contains the selector[22m[39m
{"timestamp":"2026-09-30T15:02:22.609Z","level":"info","message":"[BrowserActionEngine] Executing action click","context":{"tabId":"tab_1","selector":"#does-not-exist-anywhere"}}

[90mstderr[2m | tests/unit/browser-action-engine.spec.ts[2m > [22m[2m@sutradhar/browser BrowserActionEngine cross-frame element resolution[2m > [22m[2mreports a clear not-found error when no frame contains the selector[22m[39m
{"timestamp":"2026-09-30T15:02:26.613Z","level":"warn","message":"[BrowserActionEngine] Action click failed (attempt 1/1): No visible element found for selector: #does-not-exist-anywhere","context":{}}
{"timestamp":"2026-09-30T15:02:26.613Z","level":"warn","message":"[BrowserActionEngine] Skipping failure screenshot: tab.page.screenshot is not a function","context":{}}

[90mstdout[2m | tests/unit/browser-action-engine.spec.ts[2m > [22m[2m@sutradhar/browser BrowserActionEngine cross-frame element resolution[2m > [22m[2mskips a detached frame rather than searching it[22m[39m
{"timestamp":"2026-09-30T15:02:26.614Z","level":"info","message":"[BrowserActionEngine] Executing action click","context":{"tabId":"tab_1","selector":"#thing"}}

[90mstdout[2m | tests/unit/browser-action-engine.spec.ts[2m > [22m[2m@sutradhar/browser BrowserActionEngine cross-frame element resolution[2m > [22m[2mprefers a main-frame match over an identically-matching element in another frame (e.g. a third-party ad iframe)[22m[39m
{"timestamp":"2026-09-30T15:02:26.614Z","level":"info","message":"[BrowserActionEngine] Executing action click_by_role","context":{"tabId":"tab_1"}}

[90mstdout[2m | tests/unit/browser-action-engine.spec.ts[2m > [22m[2m@sutradhar/browser BrowserActionEngine cross-frame element resolution[2m > [22m[2mstill finds a main-frame element that appears AFTER the main-frame head-start window, on a page that also has an iframe[22m[39m
{"timestamp":"2026-09-30T15:02:26.614Z","level":"info","message":"[BrowserActionEngine] Executing action click","context":{"tabId":"tab_1","selector":"#delayed-main-frame-element"}}

[90mstdout[2m | tests/unit/browser-action-engine.spec.ts[2m > [22m[2m@sutradhar/browser BrowserActionEngine cross-frame element resolution[2m > [22m[2mfully settles each cross-frame selector probe before starting the next, so no losing wait survives to reject after a frame detach[22m[39m
{"timestamp":"2026-09-30T15:02:26.615Z","level":"info","message":"[BrowserActionEngine] Executing action click","context":{"tabId":"tab_1","selector":"#inside-dynamic-iframe"}}

[90mstdout[2m | tests/unit/browser-action-engine.spec.ts[2m > [22m[2m@sutradhar/browser BrowserActionEngine right-click (button-aware)[2m > [22m[2mlistens for contextmenu (not click) delivery and reports success on a clean right-click[22m[39m
{"timestamp":"2026-09-30T15:02:26.628Z","level":"info","message":"[BrowserActionEngine] Executing action click","context":{"tabId":"tab_1","selector":"#ctx-target"}}

[90mstdout[2m | tests/unit/browser-action-engine.spec.ts[2m > [22m[2m@sutradhar/browser BrowserActionEngine right-click (button-aware)[2m > [22m[2mfalls back to a synthetic contextmenu dispatch (not a JS click) when a right-click is not delivered[22m[39m
{"timestamp":"2026-09-30T15:02:26.628Z","level":"info","message":"[BrowserActionEngine] Executing action click","context":{"tabId":"tab_1","selector":"#ctx-target"}}

[90mstdout[2m | tests/unit/browser-action-engine.spec.ts[2m > [22m[2m@sutradhar/browser BrowserActionEngine middle-click (button-aware) — fixes a real duplicate-tab bug found live[2m > [22m[2mlistens for auxclick (not click) delivery and reports success on a clean middle-click, without ever falling back to a JS click[22m[39m
{"timestamp":"2026-09-30T15:02:26.629Z","level":"info","message":"[BrowserActionEngine] Executing action click","context":{"tabId":"tab_1","selector":"#link-target"}}

[90mstdout[2m | tests/unit/browser-action-engine.spec.ts[2m > [22m[2m@sutradhar/browser BrowserActionEngine middle-click (button-aware) — fixes a real duplicate-tab bug found live[2m > [22m[2mfalls back to a synthetic auxclick dispatch (not a JS click, which would open a duplicate target=_blank tab) when a middle-click is not delivered[22m[39m
{"timestamp":"2026-09-30T15:02:26.629Z","level":"info","message":"[BrowserActionEngine] Executing action click","context":{"tabId":"tab_1","selector":"#link-target"}}

[90mstdout[2m | tests/unit/browser-action-engine.spec.ts[2m > [22m[2m@sutradhar/browser BrowserActionEngine drag_and_drop[2m > [22m[2mresolves both source and target handles and calls drag then drop[22m[39m
{"timestamp":"2026-09-30T15:02:26.630Z","level":"info","message":"[BrowserActionEngine] Executing action drag_and_drop","context":{"tabId":"tab_1","selector":"#drag-source"}}

[90mstdout[2m | tests/unit/browser-action-engine.spec.ts[2m > [22m[2m@sutradhar/browser BrowserActionEngine drag_and_drop[2m > [22m[2mfails when the target selector cannot be resolved[22m[39m
{"timestamp":"2026-09-30T15:02:26.630Z","level":"info","message":"[BrowserActionEngine] Executing action drag_and_drop","context":{"tabId":"tab_1","selector":"#drag-source"}}

[90mstderr[2m | tests/unit/browser-action-engine.spec.ts[2m > [22m[2m@sutradhar/browser BrowserActionEngine drag_and_drop[2m > [22m[2mfails when the target selector cannot be resolved[22m[39m
{"timestamp":"2026-09-30T15:02:26.630Z","level":"warn","message":"[BrowserActionEngine] Action drag_and_drop failed (attempt 1/1): No element found for target selector: #missing-target","context":{}}
{"timestamp":"2026-09-30T15:02:26.631Z","level":"warn","message":"[BrowserActionEngine] Skipping failure screenshot: tab.page.screenshot is not a function","context":{}}

[90mstdout[2m | tests/unit/browser-action-engine.spec.ts[2m > [22m[2m@sutradhar/browser BrowserActionEngine touch_tap[2m > [22m[2mtaps the resolved element[22m[39m
{"timestamp":"2026-09-30T15:02:26.631Z","level":"info","message":"[BrowserActionEngine] Executing action touch_tap","context":{"tabId":"tab_1","selector":"#tap-target"}}

[90mstdout[2m | tests/unit/browser-action-engine.spec.ts[2m > [22m[2m@sutradhar/browser BrowserActionEngine action-history recording[2m > [22m[2mrecords a successful action into the tab history[22m[39m
{"timestamp":"2026-09-30T15:02:26.631Z","level":"info","message":"[BrowserActionEngine] Executing action press_key","context":{"tabId":"tab_1"}}

[90mstdout[2m | tests/unit/browser-action-engine.spec.ts[2m > [22m[2m@sutradhar/browser BrowserActionEngine action-history recording[2m > [22m[2mrecords a failed action into the tab history, with the error message[22m[39m
{"timestamp":"2026-09-30T15:02:26.632Z","level":"info","message":"[BrowserActionEngine] Executing action click","context":{"tabId":"tab_1","selector":"#does-not-exist"}}

[90mstderr[2m | tests/unit/browser-action-engine.spec.ts[2m > [22m[2m@sutradhar/browser BrowserActionEngine action-history recording[2m > [22m[2mrecords a failed action into the tab history, with the error message[22m[39m
{"timestamp":"2026-09-30T15:02:26.632Z","level":"warn","message":"[BrowserActionEngine] Action click failed (attempt 1/1): No visible element found for selector: #does-not-exist","context":{}}
{"timestamp":"2026-09-30T15:02:26.632Z","level":"warn","message":"[BrowserActionEngine] Skipping failure screenshot: tab.page.screenshot is not a function","context":{}}

[90mstdout[2m | tests/unit/browser-action-engine.spec.ts[2m > [22m[2m@sutradhar/browser BrowserActionEngine screenshot-on-failure[2m > [22m[2mattaches a base64 screenshot to a failed action result when the page is still alive[22m[39m
{"timestamp":"2026-09-30T15:02:26.633Z","level":"info","message":"[BrowserActionEngine] Executing action click","context":{"tabId":"tab_1","selector":"#does-not-exist"}}

[90mstderr[2m | tests/unit/browser-action-engine.spec.ts[2m > [22m[2m@sutradhar/browser BrowserActionEngine screenshot-on-failure[2m > [22m[2mattaches a base64 screenshot to a failed action result when the page is still alive[22m[39m
{"timestamp":"2026-09-30T15:02:26.633Z","level":"warn","message":"[BrowserActionEngine] Action click failed (attempt 1/1): No visible element found for selector: #does-not-exist","context":{}}

[90mstdout[2m | tests/unit/browser-action-engine.spec.ts[2m > [22m[2m@sutradhar/browser BrowserActionEngine screenshot-on-failure[2m > [22m[2mleaves failureScreenshot undefined (not throwing) when the screenshot capture itself fails[22m[39m
{"timestamp":"2026-09-30T15:02:26.633Z","level":"info","message":"[BrowserActionEngine] Executing action click","context":{"tabId":"tab_1","selector":"#does-not-exist"}}

[90mstderr[2m | tests/unit/browser-action-engine.spec.ts[2m > [22m[2m@sutradhar/browser BrowserActionEngine screenshot-on-failure[2m > [22m[2mleaves failureScreenshot undefined (not throwing) when the screenshot capture itself fails[22m[39m
{"timestamp":"2026-09-30T15:02:26.633Z","level":"warn","message":"[BrowserActionEngine] Action click failed (attempt 1/1): No visible element found for selector: #does-not-exist","context":{}}
{"timestamp":"2026-09-30T15:02:26.633Z","level":"warn","message":"[BrowserActionEngine] Skipping failure screenshot: page closed","context":{}}

[90mstdout[2m | tests/unit/browser-action-engine.spec.ts[2m > [22m[2m@sutradhar/browser BrowserActionEngine screenshot-on-failure[2m > [22m[2mGAP-010: a never-resolving screenshot does not block the failed result past the 3000ms cap[22m[39m
{"timestamp":"2026-09-30T15:02:26.633Z","level":"info","message":"[BrowserActionEngine] Executing action click","context":{"tabId":"tab_1","selector":"#does-not-exist"}}

[90mstderr[2m | tests/unit/browser-action-engine.spec.ts[2m > [22m[2m@sutradhar/browser BrowserActionEngine screenshot-on-failure[2m > [22m[2mGAP-010: a never-resolving screenshot does not block the failed result past the 3000ms cap[22m[39m
{"timestamp":"2026-09-30T15:02:26.633Z","level":"warn","message":"[BrowserActionEngine] Action click failed (attempt 1/1): No visible element found for selector: #does-not-exist","context":{}}
{"timestamp":"2026-09-30T15:02:29.633Z","level":"warn","message":"[BrowserActionEngine] Skipping failure screenshot: failure screenshot exceeded 3000ms","context":{}}

[90mstdout[2m | tests/unit/browser-action-engine.spec.ts[2m > [22m[2m@sutradhar/browser BrowserActionEngine download_file[2m > [22m[2mresolves with the downloaded filename and path once Page.downloadProgress reports completed[22m[39m
{"timestamp":"2026-09-30T15:02:26.635Z","level":"info","message":"[BrowserActionEngine] Executing action download_file","context":{"tabId":"tab_1","selector":"#download-link"}}

[90mstdout[2m | tests/unit/browser-action-engine.spec.ts[2m > [22m[2m@sutradhar/browser BrowserActionEngine download_file[2m > [22m[2mrejects a downloadDir outside the allowed roots instead of trusting it blindly[22m[39m
{"timestamp":"2026-09-30T15:02:26.661Z","level":"info","message":"[BrowserActionEngine] Executing action download_file","context":{"tabId":"tab_1","selector":"#download-link"}}

[90mstdout[2m | tests/unit/browser-action-engine.spec.ts[2m > [22m[2m@sutradhar/browser BrowserActionEngine download_file[2m > [22m[2mrejects a downloadDir outside the allowed roots instead of trusting it blindly[22m[39m
<empty line>
[90mstderr[2m | tests/unit/browser-action-engine.spec.ts[2m > [22m[2m@sutradhar/browser BrowserActionEngine download_file[2m > [22m[2mrejects a downloadDir outside the allowed roots instead of trusting it blindly[22m[39m
{"timestamp":"2026-09-30T15:02:26.662Z","level":"warn","message":"[BrowserActionEngine] Action download_file failed (attempt 1/1): downloadDir \"/etc\" is outside the allowed download directories (E:\\safe\\dir). Pass a path under one of these, or configure more roots (SutradharRuntimeOptions.allowedDownloadRoots; SUTRADHAR_ALLOWED_DOWNLOAD_ROOTS for the sutradhar-mcp server and CLI).","context":{}}
{"timestamp":"2026-09-30T15:02:26.662Z","level":"warn","message":"[BrowserActionEngine] Skipping failure screenshot: tab.page.screenshot is not a function","context":{}}

[90mstdout[2m | tests/unit/browser-action-engine.spec.ts[2m > [22m[2m@sutradhar/browser BrowserActionEngine download_file[2m > [22m[2maccepts a requested downloadDir that differs only in case from the allowed root, on Windows — fixes the field-report remediation's new finding[22m[39m
{"timestamp":"2026-09-30T15:02:26.663Z","level":"info","message":"[BrowserActionEngine] Executing action download_file","context":{"tabId":"tab_1","selector":"#download-link"}}

[90mstdout[2m | tests/unit/browser-action-engine.spec.ts[2m > [22m[2m@sutradhar/browser BrowserActionEngine download_file[2m > [22m[2mfails cleanly when the download is canceled[22m[39m
{"timestamp":"2026-09-30T15:02:26.687Z","level":"info","message":"[BrowserActionEngine] Executing action download_file","context":{"tabId":"tab_1","selector":"#download-link"}}

[90mstdout[2m | tests/unit/browser-action-engine.spec.ts[2m > [22m[2m@sutradhar/browser BrowserActionEngine download_file[2m > [22m[2mfails cleanly when the download is canceled[22m[39m
<empty line>
[90mstderr[2m | tests/unit/browser-action-engine.spec.ts[2m > [22m[2m@sutradhar/browser BrowserActionEngine download_file[2m > [22m[2mfails cleanly when the download is canceled[22m[39m
{"timestamp":"2026-09-30T15:02:26.726Z","level":"warn","message":"[BrowserActionEngine] Action download_file failed (attempt 1/1): Download was canceled","context":{}}
{"timestamp":"2026-09-30T15:02:26.726Z","level":"warn","message":"[BrowserActionEngine] Skipping failure screenshot: tab.page.screenshot is not a function","context":{}}

[90mstdout[2m | tests/unit/browser-action-engine.spec.ts[2m > [22m[2m@sutradhar/browser BrowserActionEngine download_file[2m > [22m[2mresets the download session to deny (without detaching it, FR2-05 fix-2/GAP-301) and does not leave a dangling unhandled rejection when the trigger click fails[22m[39m
{"timestamp":"2026-09-30T15:02:26.727Z","level":"info","message":"[BrowserActionEngine] Executing action download_file","context":{"tabId":"tab_1","selector":"#missing-link"}}

[90mstdout[2m | tests/unit/browser-action-engine.spec.ts[2m > [22m[2m@sutradhar/browser BrowserActionEngine download_file[2m > [22m[2mresets the download session to deny (without detaching it, FR2-05 fix-2/GAP-301) and does not leave a dangling unhandled rejection when the trigger click fails[22m[39m
<empty line>
[90mstderr[2m | tests/unit/browser-action-engine.spec.ts[2m > [22m[2m@sutradhar/browser BrowserActionEngine download_file[2m > [22m[2mresets the download session to deny (without detaching it, FR2-05 fix-2/GAP-301) and does not leave a dangling unhandled rejection when the trigger click fails[22m[39m
{"timestamp":"2026-09-30T15:02:26.729Z","level":"warn","message":"[BrowserActionEngine] Action download_file failed (attempt 1/1): No visible element found for selector: #missing-link","context":{}}
{"timestamp":"2026-09-30T15:02:26.729Z","level":"warn","message":"[BrowserActionEngine] Skipping failure screenshot: tab.page.screenshot is not a function","context":{}}

[90mstdout[2m | tests/unit/browser-action-engine.spec.ts[2m > [22m[2m@sutradhar/browser BrowserActionEngine download_file[2m > [22m[2mFR2-05: containment, reporting and cleanup[2m > [22m[2mE1: rejects a downloadDir reached through a junction/symlink with a not-yet-created tail, without ever creating a CDP session[22m[39m
{"timestamp":"2026-09-30T15:02:26.792Z","level":"info","message":"[BrowserActionEngine] Executing action download_file","context":{"tabId":"tab_1","selector":"#download-link"}}

[90mstdout[2m | tests/unit/browser-action-engine.spec.ts[2m > [22m[2m@sutradhar/browser BrowserActionEngine download_file[2m > [22m[2mFR2-05: containment, reporting and cleanup[2m > [22m[2mE1: rejects a downloadDir reached through a junction/symlink with a not-yet-created tail, without ever creating a CDP session[22m[39m
<empty line>
[90mstderr[2m | tests/unit/browser-action-engine.spec.ts[2m > [22m[2m@sutradhar/browser BrowserActionEngine download_file[2m > [22m[2mFR2-05: containment, reporting and cleanup[2m > [22m[2mE1: rejects a downloadDir reached through a junction/symlink with a not-yet-created tail, without ever creating a CDP session[22m[39m
{"timestamp":"2026-09-30T15:02:26.835Z","level":"warn","message":"[BrowserActionEngine] Action download_file failed (attempt 1/1): downloadDir \"E:\\AI-Cache\\tmp\\fr2-05-engine-67sp3M\\root\\jn\\newsub\" is outside the allowed download directories (E:\\AI-Cache\\tmp\\fr2-05-engine-67sp3M\\root). Pass a path under one of these, or configure more roots (SutradharRuntimeOptions.allowedDownloadRoots; SUTRADHAR_ALLOWED_DOWNLOAD_ROOTS for the sutradhar-mcp server and CLI).","context":{}}
{"timestamp":"2026-09-30T15:02:26.835Z","level":"warn","message":"[BrowserActionEngine] Skipping failure screenshot: tab.page.screenshot is not a function","context":{}}

[90mstdout[2m | tests/unit/browser-action-engine.spec.ts[2m > [22m[2m@sutradhar/browser BrowserActionEngine download_file[2m > [22m[2mFR2-05: containment, reporting and cleanup[2m > [22m[2mE2: rejects a downloadDir whose literal spelling is a prefix-lookalike of an allowed root[22m[39m
{"timestamp":"2026-09-30T15:02:26.837Z","level":"info","message":"[BrowserActionEngine] Executing action download_file","context":{"tabId":"tab_1","selector":"#download-link"}}

[90mstdout[2m | tests/unit/browser-action-engine.spec.ts[2m > [22m[2m@sutradhar/browser BrowserActionEngine download_file[2m > [22m[2mFR2-05: containment, reporting and cleanup[2m > [22m[2mE2: rejects a downloadDir whose literal spelling is a prefix-lookalike of an allowed root[22m[39m
<empty line>
[90mstderr[2m | tests/unit/browser-action-engine.spec.ts[2m > [22m[2m@sutradhar/browser BrowserActionEngine download_file[2m > [22m[2mFR2-05: containment, reporting and cleanup[2m > [22m[2mE2: rejects a downloadDir whose literal spelling is a prefix-lookalike of an allowed root[22m[39m
{"timestamp":"2026-09-30T15:02:26.879Z","level":"warn","message":"[BrowserActionEngine] Action download_file failed (attempt 1/1): downloadDir \"E:\\AI-Cache\\tmp\\fr2-05-engine-skvVo0\\root-evil\" is outside the allowed download directories (E:\\AI-Cache\\tmp\\fr2-05-engine-skvVo0\\root). Pass a path under one of these, or configure more roots (SutradharRuntimeOptions.allowedDownloadRoots; SUTRADHAR_ALLOWED_DOWNLOAD_ROOTS for the sutradhar-mcp server and CLI).","context":{}}
{"timestamp":"2026-09-30T15:02:26.879Z","level":"warn","message":"[BrowserActionEngine] Skipping failure screenshot: tab.page.screenshot is not a function","context":{}}

[90mstdout[2m | tests/unit/browser-action-engine.spec.ts[2m > [22m[2m@sutradhar/browser BrowserActionEngine download_file[2m > [22m[2mFR2-05: containment, reporting and cleanup[2m > [22m[2mE3: rejects a downloadDir that traverses out of the allowed root via ..[22m[39m
{"timestamp":"2026-09-30T15:02:26.881Z","level":"info","message":"[BrowserActionEngine] Executing action download_file","context":{"tabId":"tab_1","selector":"#download-link"}}

[90mstdout[2m | tests/unit/browser-action-engine.spec.ts[2m > [22m[2m@sutradhar/browser BrowserActionEngine download_file[2m > [22m[2mFR2-05: containment, reporting and cleanup[2m > [22m[2mE3: rejects a downloadDir that traverses out of the allowed root via ..[22m[39m
<empty line>
[90mstderr[2m | tests/unit/browser-action-engine.spec.ts[2m > [22m[2m@sutradhar/browser BrowserActionEngine download_file[2m > [22m[2mFR2-05: containment, reporting and cleanup[2m > [22m[2mE3: rejects a downloadDir that traverses out of the allowed root via ..[22m[39m
{"timestamp":"2026-09-30T15:02:26.921Z","level":"warn","message":"[BrowserActionEngine] Action download_file failed (attempt 1/1): downloadDir \"E:\\AI-Cache\\tmp\\fr2-05-engine-9CF7lL\\x\" is outside the allowed download directories (E:\\AI-Cache\\tmp\\fr2-05-engine-9CF7lL\\root). Pass a path under one of these, or configure more roots (SutradharRuntimeOptions.allowedDownloadRoots; SUTRADHAR_ALLOWED_DOWNLOAD_ROOTS for the sutradhar-mcp server and CLI).","context":{}}
{"timestamp":"2026-09-30T15:02:26.922Z","level":"warn","message":"[BrowserActionEngine] Skipping failure screenshot: tab.page.screenshot is not a function","context":{}}

[90mstdout[2m | tests/unit/browser-action-engine.spec.ts[2m > [22m[2m@sutradhar/browser BrowserActionEngine download_file[2m > [22m[2mFR2-05: containment, reporting and cleanup[2m > [22m[2mE4: prefers CDP's filePath over the suggested filename when it differs (e.g. Chrome uniquified the name)[22m[39m
{"timestamp":"2026-09-30T15:02:26.923Z","level":"info","message":"[BrowserActionEngine] Executing action download_file","context":{"tabId":"tab_1","selector":"#download-link"}}

[90mstdout[2m | tests/unit/browser-action-engine.spec.ts[2m > [22m[2m@sutradhar/browser BrowserActionEngine download_file[2m > [22m[2mFR2-05: containment, reporting and cleanup[2m > [22m[2mE5: ignores progress events for a different guid (a concurrent download in the same browser)[22m[39m
{"timestamp":"2026-09-30T15:02:26.967Z","level":"info","message":"[BrowserActionEngine] Executing action download_file","context":{"tabId":"tab_1","selector":"#download-link"}}

[90mstdout[2m | tests/unit/browser-action-engine.spec.ts[2m > [22m[2m@sutradhar/browser BrowserActionEngine download_file[2m > [22m[2mFR2-05: containment, reporting and cleanup[2m > [22m[2mGAP-307: a foreign guid's 'completed' progress delivered BEFORE this call's own downloadWillBegin is ignored, not accepted as this call's file[22m[39m
{"timestamp":"2026-09-30T15:02:27.030Z","level":"info","message":"[BrowserActionEngine] Executing action download_file","context":{"tabId":"tab_1","selector":"#download-link"}}

[90mstdout[2m | tests/unit/browser-action-engine.spec.ts[2m > [22m[2m@sutradhar/browser BrowserActionEngine download_file[2m > [22m[2mFR2-05: containment, reporting and cleanup[2m > [22m[2mGAP-307: a foreign guid's 'canceled' progress delivered BEFORE this call's own downloadWillBegin does not fail this call[22m[39m
{"timestamp":"2026-09-30T15:02:27.071Z","level":"info","message":"[BrowserActionEngine] Executing action download_file","context":{"tabId":"tab_1","selector":"#download-link"}}

[90mstdout[2m | tests/unit/browser-action-engine.spec.ts[2m > [22m[2m@sutradhar/browser BrowserActionEngine download_file[2m > [22m[2mFR2-05: containment, reporting and cleanup[2m > [22m[2mE6: sanitizes a hostile suggestedFilename with path.basename when there is no filePath[22m[39m
{"timestamp":"2026-09-30T15:02:27.111Z","level":"info","message":"[BrowserActionEngine] Executing action download_file","context":{"tabId":"tab_1","selector":"#download-link"}}

[90mstdout[2m | tests/unit/browser-action-engine.spec.ts[2m > [22m[2m@sutradhar/browser BrowserActionEngine download_file[2m > [22m[2mFR2-05: containment, reporting and cleanup[2m > [22m[2mE7: fails when CDP reports a filePath outside the download directory[22m[39m
{"timestamp":"2026-09-30T15:02:27.150Z","level":"info","message":"[BrowserActionEngine] Executing action download_file","context":{"tabId":"tab_1","selector":"#download-link"}}

[90mstdout[2m | tests/unit/browser-action-engine.spec.ts[2m > [22m[2m@sutradhar/browser BrowserActionEngine download_file[2m > [22m[2mFR2-05: containment, reporting and cleanup[2m > [22m[2mE7: fails when CDP reports a filePath outside the download directory[22m[39m
<empty line>
[90mstderr[2m | tests/unit/browser-action-engine.spec.ts[2m > [22m[2m@sutradhar/browser BrowserActionEngine download_file[2m > [22m[2mFR2-05: containment, reporting and cleanup[2m > [22m[2mE7: fails when CDP reports a filePath outside the download directory[22m[39m
{"timestamp":"2026-09-30T15:02:27.188Z","level":"warn","message":"[BrowserActionEngine] Action download_file failed (attempt 1/1): Download reported a file outside the download directory \"E:\\AI-Cache\\tmp\\fr2-05-engine-ReLZfP\\dir\": E:\\AI-Cache\\tmp\\fr2-05-engine-ReLZfP\\elsewhere\\x.bin","context":{}}
{"timestamp":"2026-09-30T15:02:27.189Z","level":"warn","message":"[BrowserActionEngine] Skipping failure screenshot: tab.page.screenshot is not a function","context":{}}

[90mstdout[2m | tests/unit/browser-action-engine.spec.ts[2m > [22m[2m@sutradhar/browser BrowserActionEngine download_file[2m > [22m[2mFR2-05: containment, reporting and cleanup[2m > [22m[2mE8: resets Browser.setDownloadBehavior to deny (fail closed) on both success and cancellation, WITHOUT detaching the session (fix-2/GAP-301: detaching was the reason the reset did not stick live)[22m[39m
{"timestamp":"2026-09-30T15:02:27.190Z","level":"info","message":"[BrowserActionEngine] Executing action download_file","context":{"tabId":"tab_1","selector":"#download-link"}}

[90mstdout[2m | tests/unit/browser-action-engine.spec.ts[2m > [22m[2m@sutradhar/browser BrowserActionEngine download_file[2m > [22m[2mFR2-05: containment, reporting and cleanup[2m > [22m[2mE8: resets Browser.setDownloadBehavior to deny (fail closed) on both success and cancellation, WITHOUT detaching the session (fix-2/GAP-301: detaching was the reason the reset did not stick live)[22m[39m
{"timestamp":"2026-09-30T15:02:27.231Z","level":"info","message":"[BrowserActionEngine] Executing action download_file","context":{"tabId":"tab_1","selector":"#download-link"}}

[90mstdout[2m | tests/unit/browser-action-engine.spec.ts[2m > [22m[2m@sutradhar/browser BrowserActionEngine download_file[2m > [22m[2mFR2-05: containment, reporting and cleanup[2m > [22m[2mE8: resets Browser.setDownloadBehavior to deny (fail closed) on both success and cancellation, WITHOUT detaching the session (fix-2/GAP-301: detaching was the reason the reset did not stick live)[22m[39m
<empty line>
[90mstderr[2m | tests/unit/browser-action-engine.spec.ts[2m > [22m[2m@sutradhar/browser BrowserActionEngine download_file[2m > [22m[2mFR2-05: containment, reporting and cleanup[2m > [22m[2mE8: resets Browser.setDownloadBehavior to deny (fail closed) on both success and cancellation, WITHOUT detaching the session (fix-2/GAP-301: detaching was the reason the reset did not stick live)[22m[39m
{"timestamp":"2026-09-30T15:02:27.233Z","level":"warn","message":"[BrowserActionEngine] Action download_file failed (attempt 1/1): Download was canceled","context":{}}
{"timestamp":"2026-09-30T15:02:27.233Z","level":"warn","message":"[BrowserActionEngine] Skipping failure screenshot: tab.page.screenshot is not a function","context":{}}

[90mstdout[2m | tests/unit/browser-action-engine.spec.ts[2m > [22m[2m@sutradhar/browser BrowserActionEngine download_file[2m > [22m[2mFR2-05: containment, reporting and cleanup[2m > [22m[2mE9: upload_file rejects a filePath reached through a link that escapes the allowed upload roots[22m[39m
{"timestamp":"2026-09-30T15:02:27.235Z","level":"info","message":"[BrowserActionEngine] Executing action upload_file","context":{"tabId":"tab_1","selector":"#f"}}

[90mstdout[2m | tests/unit/browser-action-engine.spec.ts[2m > [22m[2m@sutradhar/browser BrowserActionEngine download_file[2m > [22m[2mFR2-05: containment, reporting and cleanup[2m > [22m[2mE9: upload_file rejects a filePath reached through a link that escapes the allowed upload roots[22m[39m
<empty line>
[90mstderr[2m | tests/unit/browser-action-engine.spec.ts[2m > [22m[2m@sutradhar/browser BrowserActionEngine download_file[2m > [22m[2mFR2-05: containment, reporting and cleanup[2m > [22m[2mE9: upload_file rejects a filePath reached through a link that escapes the allowed upload roots[22m[39m
{"timestamp":"2026-09-30T15:02:27.273Z","level":"warn","message":"[BrowserActionEngine] Action upload_file failed (attempt 1/1): Upload file \"E:\\AI-Cache\\tmp\\fr2-05-engine-PtKvdC\\root\\jn\\secret.txt\" is outside the allowed upload directories (E:\\AI-Cache\\tmp\\fr2-05-engine-PtKvdC\\root).","context":{}}
{"timestamp":"2026-09-30T15:02:27.273Z","level":"warn","message":"[BrowserActionEngine] Skipping failure screenshot: tab.page.screenshot is not a function","context":{}}

[90mstdout[2m | tests/unit/browser-action-engine.spec.ts[2m > [22m[2m@sutradhar/browser BrowserActionEngine download_file[2m > [22m[2mFR2-05: containment, reporting and cleanup[2m > [22m[2mE10: an explicit empty allowedDownloadRoots array behaves like the default, not a crash[22m[39m
{"timestamp":"2026-09-30T15:02:27.275Z","level":"info","message":"[BrowserActionEngine] Executing action download_file","context":{"tabId":"tab_1","selector":"#download-link"}}

[90mstdout[2m | tests/unit/browser-action-engine.spec.ts[2m > [22m[2m@sutradhar/browser BrowserActionEngine download_file[2m > [22m[2mFR2-05: containment, reporting and cleanup[2m > [22m[2mE11 (GAP-301/302): a second download_file on the SAME browser while one is in flight fails FAST with a clear error, not a queue/timeout[22m[39m
{"timestamp":"2026-09-30T15:02:27.277Z","level":"info","message":"[BrowserActionEngine] Executing action download_file","context":{"tabId":"tab_1","selector":"#download-link"}}

[90mstdout[2m | tests/unit/browser-action-engine.spec.ts[2m > [22m[2m@sutradhar/browser BrowserActionEngine download_file[2m > [22m[2mFR2-05: containment, reporting and cleanup[2m > [22m[2mE11 (GAP-301/302): a second download_file on the SAME browser while one is in flight fails FAST with a clear error, not a queue/timeout[22m[39m
{"timestamp":"2026-09-30T15:02:27.315Z","level":"info","message":"[BrowserActionEngine] Executing action download_file","context":{"tabId":"tab_2_e11","selector":"#download-link"}}

[90mstdout[2m | tests/unit/browser-action-engine.spec.ts[2m > [22m[2m@sutradhar/browser BrowserActionEngine download_file[2m > [22m[2mFR2-05: containment, reporting and cleanup[2m > [22m[2mE11 (GAP-301/302): a second download_file on the SAME browser while one is in flight fails FAST with a clear error, not a queue/timeout[22m[39m
<empty line>
[90mstderr[2m | tests/unit/browser-action-engine.spec.ts[2m > [22m[2m@sutradhar/browser BrowserActionEngine download_file[2m > [22m[2mFR2-05: containment, reporting and cleanup[2m > [22m[2mE11 (GAP-301/302): a second download_file on the SAME browser while one is in flight fails FAST with a clear error, not a queue/timeout[22m[39m
{"timestamp":"2026-09-30T15:02:27.316Z","level":"warn","message":"[BrowserActionEngine] Action download_file failed (attempt 1/1): download_file is already in progress on this browser instance. Concurrent download_file calls against the SAME browser are not supported (Browser.setDownloadBehavior is a browser-wide CDP setting, not per-tab) — retry after the in-flight download finishes, or use a separate browser instance for a second concurrent download.","context":{}}
{"timestamp":"2026-09-30T15:02:27.316Z","level":"warn","message":"[BrowserActionEngine] Skipping failure screenshot: tab.page.screenshot is not a function","context":{}}

[90mstdout[2m | tests/unit/browser-action-engine.spec.ts[2m > [22m[2m@sutradhar/browser BrowserActionEngine download_file[2m > [22m[2mFR2-05: containment, reporting and cleanup[2m > [22m[2mE11 (GAP-301/302): a second download_file on the SAME browser while one is in flight fails FAST with a clear error, not a queue/timeout[22m[39m
<empty line>
[90mstderr[2m | tests/unit/browser-action-engine.spec.ts[2m > [22m[2m@sutradhar/browser BrowserActionEngine download_file[2m > [22m[2mFR2-05: containment, reporting and cleanup[2m > [22m[2mE11 (GAP-301/302): a second download_file on the SAME browser while one is in flight fails FAST with a clear error, not a queue/timeout[22m[39m
{"timestamp":"2026-09-30T15:02:27.317Z","level":"warn","message":"[BrowserActionEngine] Action download_file failed (attempt 1/1): Download was canceled","context":{}}
{"timestamp":"2026-09-30T15:02:27.317Z","level":"warn","message":"[BrowserActionEngine] Skipping failure screenshot: tab.page.screenshot is not a function","context":{}}

[90mstdout[2m | tests/unit/browser-action-engine.spec.ts[2m > [22m[2m@sutradhar/browser BrowserActionEngine download_file[2m > [22m[2mFR2-05: containment, reporting and cleanup[2m > [22m[2mE12 (GAP-301 cause 1): reuses ONE CDP session across sequential download_file calls on the same browser and never detaches it[22m[39m
{"timestamp":"2026-09-30T15:02:27.318Z","level":"info","message":"[BrowserActionEngine] Executing action download_file","context":{"tabId":"tab_e12_1","selector":"#download-link"}}

[90mstdout[2m | tests/unit/browser-action-engine.spec.ts[2m > [22m[2m@sutradhar/browser BrowserActionEngine download_file[2m > [22m[2mFR2-05: containment, reporting and cleanup[2m > [22m[2mE12 (GAP-301 cause 1): reuses ONE CDP session across sequential download_file calls on the same browser and never detaches it[22m[39m
{"timestamp":"2026-09-30T15:02:27.358Z","level":"info","message":"[BrowserActionEngine] Executing action download_file","context":{"tabId":"tab_e12_2","selector":"#download-link"}}

[90mstdout[2m | tests/unit/browser-action-engine.spec.ts[2m > [22m[2m@sutradhar/browser BrowserActionEngine download_file[2m > [22m[2mFR2-05: containment, reporting and cleanup[2m > [22m[2mE13 (GAP-301 cause 3): an abandoned dispatch (aborted by the outer timeout) releases the lock promptly instead of holding it until its own inner timeout[22m[39m
{"timestamp":"2026-09-30T15:02:27.361Z","level":"info","message":"[BrowserActionEngine] Executing action download_file","context":{"tabId":"tab_1","selector":"#download-link"}}

 [32m✓[39m tests/unit/condition-wait.spec.ts [2m ([22m[2m82 tests[22m[2m)[22m[33m 7517[2mms[22m[39m
[90mstdout[2m | tests/unit/browser-action-engine.spec.ts[2m > [22m[2m@sutradhar/browser BrowserActionEngine download_file[2m > [22m[2mFR2-05: containment, reporting and cleanup[2m > [22m[2mE13 (GAP-301 cause 3): an abandoned dispatch (aborted by the outer timeout) releases the lock promptly instead of holding it until its own inner timeout[22m[39m
<empty line>
[90mstderr[2m | tests/unit/browser-action-engine.spec.ts[2m > [22m[2m@sutradhar/browser BrowserActionEngine download_file[2m > [22m[2mFR2-05: containment, reporting and cleanup[2m > [22m[2mE13 (GAP-301 cause 3): an abandoned dispatch (aborted by the outer timeout) releases the lock promptly instead of holding it until its own inner timeout[22m[39m
{"timestamp":"2026-09-30T15:02:29.476Z","level":"warn","message":"[BrowserActionEngine] Action download_file failed (attempt 1/1): Action download_file timed out after 100ms","context":{}}
{"timestamp":"2026-09-30T15:02:29.476Z","level":"warn","message":"[BrowserActionEngine] Skipping failure screenshot: tab.page.screenshot is not a function","context":{}}

[90mstderr[2m | tests/unit/browser-action-engine.spec.ts[2m > [22m[2m@sutradhar/browser BrowserActionEngine download_file[2m > [22m[2mFR2-05: containment, reporting and cleanup[2m > [22m[2mE13 (GAP-301 cause 3): an abandoned dispatch (aborted by the outer timeout) releases the lock promptly instead of holding it until its own inner timeout[22m[39m
<empty line>
[90mstdout[2m | tests/unit/browser-action-engine.spec.ts[2m > [22m[2m@sutradhar/browser BrowserActionEngine download_file[2m > [22m[2mFR2-05: containment, reporting and cleanup[2m > [22m[2mE13 (GAP-301 cause 3): an abandoned dispatch (aborted by the outer timeout) releases the lock promptly instead of holding it until its own inner timeout[22m[39m
{"timestamp":"2026-09-30T15:02:31.780Z","level":"info","message":"[BrowserActionEngine] Executing action download_file","context":{"tabId":"tab_2_e13","selector":"#download-link"}}

[90mstdout[2m | tests/unit/browser-action-engine.spec.ts[2m > [22m[2m@sutradhar/browser BrowserActionEngine actions fail loudly with no live page (no fabricated success)[2m > [22m[2m'click' reports failure instead of fabricated success when the tab has no live page[22m[39m
{"timestamp":"2026-09-30T15:02:31.783Z","level":"info","message":"[BrowserActionEngine] Executing action click","context":{"tabId":"tab_1","selector":"#x"}}

[90mstderr[2m | tests/unit/browser-action-engine.spec.ts[2m > [22m[2m@sutradhar/browser BrowserActionEngine actions fail loudly with no live page (no fabricated success)[2m > [22m[2m'click' reports failure instead of fabricated success when the tab has no live page[22m[39m
{"timestamp":"2026-09-30T15:02:31.783Z","level":"warn","message":"[BrowserActionEngine] Action click failed (attempt 1/1): click failed","context":{}}

[90mstdout[2m | tests/unit/browser-action-engine.spec.ts[2m > [22m[2m@sutradhar/browser BrowserActionEngine actions fail loudly with no live page (no fabricated success)[2m > [22m[2m'click_by_text' reports failure instead of fabricated success when the tab has no live page[22m[39m
{"timestamp":"2026-09-30T15:02:31.783Z","level":"info","message":"[BrowserActionEngine] Executing action click_by_text","context":{"tabId":"tab_1","text":"Submit"}}

[90mstderr[2m | tests/unit/browser-action-engine.spec.ts[2m > [22m[2m@sutradhar/browser BrowserActionEngine actions fail loudly with no live page (no fabricated success)[2m > [22m[2m'click_by_text' reports failure instead of fabricated success when the tab has no live page[22m[39m
{"timestamp":"2026-09-30T15:02:31.783Z","level":"warn","message":"[BrowserActionEngine] Action click_by_text failed (attempt 1/1): No live browser page for tab tab_1 — cannot execute click_by_text.","context":{}}

[90mstdout[2m | tests/unit/browser-action-engine.spec.ts[2m > [22m[2m@sutradhar/browser BrowserActionEngine actions fail loudly with no live page (no fabricated success)[2m > [22m[2m'click_by_role' reports failure instead of fabricated success when the tab has no live page[22m[39m
{"timestamp":"2026-09-30T15:02:31.783Z","level":"info","message":"[BrowserActionEngine] Executing action click_by_role","context":{"tabId":"tab_1"}}

[90mstderr[2m | tests/unit/browser-action-engine.spec.ts[2m > [22m[2m@sutradhar/browser BrowserActionEngine actions fail loudly with no live page (no fabricated success)[2m > [22m[2m'click_by_role' reports failure instead of fabricated success when the tab has no live page[22m[39m
{"timestamp":"2026-09-30T15:02:31.783Z","level":"warn","message":"[BrowserActionEngine] Action click_by_role failed (attempt 1/1): No live browser page for tab tab_1 — cannot execute click_by_role.","context":{}}

[90mstdout[2m | tests/unit/browser-action-engine.spec.ts[2m > [22m[2m@sutradhar/browser BrowserActionEngine actions fail loudly with no live page (no fabricated success)[2m > [22m[2m'type' reports failure instead of fabricated success when the tab has no live page[22m[39m
{"timestamp":"2026-09-30T15:02:31.783Z","level":"info","message":"[BrowserActionEngine] Executing action type","context":{"tabId":"tab_1","selector":"#x"}}

[90mstderr[2m | tests/unit/browser-action-engine.spec.ts[2m > [22m[2m@sutradhar/browser BrowserActionEngine actions fail loudly with no live page (no fabricated success)[2m > [22m[2m'type' reports failure instead of fabricated success when the tab has no live page[22m[39m
{"timestamp":"2026-09-30T15:02:31.783Z","level":"warn","message":"[BrowserActionEngine] Action type failed (attempt 1/1): No live browser page for tab tab_1 — cannot execute type.","context":{}}

[90mstdout[2m | tests/unit/browser-action-engine.spec.ts[2m > [22m[2m@sutradhar/browser BrowserActionEngine actions fail loudly with no live page (no fabricated success)[2m > [22m[2m'type_by_label' reports failure instead of fabricated success when the tab has no live page[22m[39m
{"timestamp":"2026-09-30T15:02:31.783Z","level":"info","message":"[BrowserActionEngine] Executing action type_by_label","context":{"tabId":"tab_1"}}

[90mstderr[2m | tests/unit/browser-action-engine.spec.ts[2m > [22m[2m@sutradhar/browser BrowserActionEngine actions fail loudly with no live page (no fabricated success)[2m > [22m[2m'type_by_label' reports failure instead of fabricated success when the tab has no live page[22m[39m
{"timestamp":"2026-09-30T15:02:31.783Z","level":"warn","message":"[BrowserActionEngine] Action type_by_label failed (attempt 1/1): No live browser page for tab tab_1 — cannot execute type_by_label.","context":{}}

[90mstdout[2m | tests/unit/browser-action-engine.spec.ts[2m > [22m[2m@sutradhar/browser BrowserActionEngine actions fail loudly with no live page (no fabricated success)[2m > [22m[2m'press_key' reports failure instead of fabricated success when the tab has no live page[22m[39m
{"timestamp":"2026-09-30T15:02:31.784Z","level":"info","message":"[BrowserActionEngine] Executing action press_key","context":{"tabId":"tab_1"}}

[90mstderr[2m | tests/unit/browser-action-engine.spec.ts[2m > [22m[2m@sutradhar/browser BrowserActionEngine actions fail loudly with no live page (no fabricated success)[2m > [22m[2m'press_key' reports failure instead of fabricated success when the tab has no live page[22m[39m
{"timestamp":"2026-09-30T15:02:31.784Z","level":"warn","message":"[BrowserActionEngine] Action press_key failed (attempt 1/1): No live browser page for tab tab_1 — cannot execute press_key.","context":{}}

[90mstdout[2m | tests/unit/browser-action-engine.spec.ts[2m > [22m[2m@sutradhar/browser BrowserActionEngine actions fail loudly with no live page (no fabricated success)[2m > [22m[2m'scroll' reports failure instead of fabricated success when the tab has no live page[22m[39m
{"timestamp":"2026-09-30T15:02:31.784Z","level":"info","message":"[BrowserActionEngine] Executing action scroll","context":{"tabId":"tab_1"}}

[90mstderr[2m | tests/unit/browser-action-engine.spec.ts[2m > [22m[2m@sutradhar/browser BrowserActionEngine actions fail loudly with no live page (no fabricated success)[2m > [22m[2m'scroll' reports failure instead of fabricated success when the tab has no live page[22m[39m
{"timestamp":"2026-09-30T15:02:31.784Z","level":"warn","message":"[BrowserActionEngine] Action scroll failed (attempt 1/1): No live browser page for tab tab_1 — cannot execute scroll.","context":{}}

[90mstdout[2m | tests/unit/browser-action-engine.spec.ts[2m > [22m[2m@sutradhar/browser BrowserActionEngine actions fail loudly with no live page (no fabricated success)[2m > [22m[2m'wait_for_selector' reports failure instead of fabricated success when the tab has no live page[22m[39m
{"timestamp":"2026-09-30T15:02:31.784Z","level":"info","message":"[BrowserActionEngine] Executing action wait_for_selector","context":{"tabId":"tab_1","selector":"#x"}}

[90mstderr[2m | tests/unit/browser-action-engine.spec.ts[2m > [22m[2m@sutradhar/browser BrowserActionEngine actions fail loudly with no live page (no fabricated success)[2m > [22m[2m'wait_for_selector' reports failure instead of fabricated success when the tab has no live page[22m[39m
{"timestamp":"2026-09-30T15:02:31.784Z","level":"warn","message":"[BrowserActionEngine] Action wait_for_selector failed (attempt 1/1): No live browser page for tab tab_1 — cannot execute wait_for_selector.","context":{}}

[90mstdout[2m | tests/unit/browser-action-engine.spec.ts[2m > [22m[2m@sutradhar/browser BrowserActionEngine actions fail loudly with no live page (no fabricated success)[2m > [22m[2m'select_option' reports failure instead of fabricated success when the tab has no live page[22m[39m
{"timestamp":"2026-09-30T15:02:31.784Z","level":"info","message":"[BrowserActionEngine] Executing action select_option","context":{"tabId":"tab_1","selector":"#x"}}

[90mstderr[2m | tests/unit/browser-action-engine.spec.ts[2m > [22m[2m@sutradhar/browser BrowserActionEngine actions fail loudly with no live page (no fabricated success)[2m > [22m[2m'select_option' reports failure instead of fabricated success when the tab has no live page[22m[39m
{"timestamp":"2026-09-30T15:02:31.784Z","level":"warn","message":"[BrowserActionEngine] Action select_option failed (attempt 1/1): No live browser page for tab tab_1 — cannot execute select_option.","context":{}}

[90mstdout[2m | tests/unit/browser-action-engine.spec.ts[2m > [22m[2m@sutradhar/browser BrowserActionEngine actions fail loudly with no live page (no fabricated success)[2m > [22m[2m'hover' reports failure instead of fabricated success when the tab has no live page[22m[39m
{"timestamp":"2026-09-30T15:02:31.784Z","level":"info","message":"[BrowserActionEngine] Executing action hover","context":{"tabId":"tab_1","selector":"#x"}}

[90mstderr[2m | tests/unit/browser-action-engine.spec.ts[2m > [22m[2m@sutradhar/browser BrowserActionEngine actions fail loudly with no live page (no fabricated success)[2m > [22m[2m'hover' reports failure instead of fabricated success when the tab has no live page[22m[39m
{"timestamp":"2026-09-30T15:02:31.784Z","level":"warn","message":"[BrowserActionEngine] Action hover failed (attempt 1/1): No live browser page for tab tab_1 — cannot execute hover.","context":{}}

[90mstdout[2m | tests/unit/browser-action-engine.spec.ts[2m > [22m[2m@sutradhar/browser BrowserActionEngine actions fail loudly with no live page (no fabricated success)[2m > [22m[2m'focus' reports failure instead of fabricated success when the tab has no live page[22m[39m
{"timestamp":"2026-09-30T15:02:31.784Z","level":"info","message":"[BrowserActionEngine] Executing action focus","context":{"tabId":"tab_1","selector":"#x"}}

[90mstderr[2m | tests/unit/browser-action-engine.spec.ts[2m > [22m[2m@sutradhar/browser BrowserActionEngine actions fail loudly with no live page (no fabricated success)[2m > [22m[2m'focus' reports failure instead of fabricated success when the tab has no live page[22m[39m
{"timestamp":"2026-09-30T15:02:31.784Z","level":"warn","message":"[BrowserActionEngine] Action focus failed (attempt 1/1): No live browser page for tab tab_1 — cannot execute focus.","context":{}}

[90mstdout[2m | tests/unit/browser-action-engine.spec.ts[2m > [22m[2m@sutradhar/browser BrowserActionEngine actions fail loudly with no live page (no fabricated success)[2m > [22m[2m'take_screenshot' reports failure instead of fabricated success when the tab has no live page[22m[39m
{"timestamp":"2026-09-30T15:02:31.784Z","level":"info","message":"[BrowserActionEngine] Executing action take_screenshot","context":{"tabId":"tab_1"}}

[90mstderr[2m | tests/unit/browser-action-engine.spec.ts[2m > [22m[2m@sutradhar/browser BrowserActionEngine actions fail loudly with no live page (no fabricated success)[2m > [22m[2m'take_screenshot' reports failure instead of fabricated success when the tab has no live page[22m[39m
{"timestamp":"2026-09-30T15:02:31.784Z","level":"warn","message":"[BrowserActionEngine] Action take_screenshot failed (attempt 1/1): No live browser page for tab tab_1 — cannot execute take_screenshot.","context":{}}

[90mstdout[2m | tests/unit/browser-action-engine.spec.ts[2m > [22m[2m@sutradhar/browser BrowserActionEngine actions fail loudly with no live page (no fabricated success)[2m > [22m[2m'drag_and_drop' reports failure instead of fabricated success when the tab has no live page[22m[39m
{"timestamp":"2026-09-30T15:02:31.784Z","level":"info","message":"[BrowserActionEngine] Executing action drag_and_drop","context":{"tabId":"tab_1","selector":"#a"}}

[90mstderr[2m | tests/unit/browser-action-engine.spec.ts[2m > [22m[2m@sutradhar/browser BrowserActionEngine actions fail loudly with no live page (no fabricated success)[2m > [22m[2m'drag_and_drop' reports failure instead of fabricated success when the tab has no live page[22m[39m
{"timestamp":"2026-09-30T15:02:31.784Z","level":"warn","message":"[BrowserActionEngine] Action drag_and_drop failed (attempt 1/1): No live browser page for tab tab_1 — cannot execute drag_and_drop.","context":{}}

[90mstdout[2m | tests/unit/browser-action-engine.spec.ts[2m > [22m[2m@sutradhar/browser BrowserActionEngine actions fail loudly with no live page (no fabricated success)[2m > [22m[2m'touch_tap' reports failure instead of fabricated success when the tab has no live page[22m[39m
{"timestamp":"2026-09-30T15:02:31.784Z","level":"info","message":"[BrowserActionEngine] Executing action touch_tap","context":{"tabId":"tab_1","selector":"#x"}}

[90mstderr[2m | tests/unit/browser-action-engine.spec.ts[2m > [22m[2m@sutradhar/browser BrowserActionEngine actions fail loudly with no live page (no fabricated success)[2m > [22m[2m'touch_tap' reports failure instead of fabricated success when the tab has no live page[22m[39m
{"timestamp":"2026-09-30T15:02:31.784Z","level":"warn","message":"[BrowserActionEngine] Action touch_tap failed (attempt 1/1): No live browser page for tab tab_1 — cannot execute touch_tap.","context":{}}

[90mstdout[2m | tests/unit/browser-action-engine.spec.ts[2m > [22m[2m@sutradhar/browser BrowserActionEngine actions fail loudly with no live page (no fabricated success)[2m > [22m[2m'upload_file' reports failure instead of fabricated success when the tab has no live page[22m[39m
{"timestamp":"2026-09-30T15:02:31.784Z","level":"info","message":"[BrowserActionEngine] Executing action upload_file","context":{"tabId":"tab_1","selector":"#x"}}

[90mstderr[2m | tests/unit/browser-action-engine.spec.ts[2m > [22m[2m@sutradhar/browser BrowserActionEngine actions fail loudly with no live page (no fabricated success)[2m > [22m[2m'upload_file' reports failure instead of fabricated success when the tab has no live page[22m[39m
{"timestamp":"2026-09-30T15:02:31.784Z","level":"warn","message":"[BrowserActionEngine] Action upload_file failed (attempt 1/1): No live browser page for tab tab_1 — cannot execute upload_file.","context":{}}

[90mstdout[2m | tests/unit/browser-action-engine.spec.ts[2m > [22m[2m@sutradhar/browser BrowserActionEngine actions fail loudly with no live page (no fabricated success)[2m > [22m[2m'download_file' reports failure instead of fabricated success when the tab has no live page[22m[39m
{"timestamp":"2026-09-30T15:02:31.784Z","level":"info","message":"[BrowserActionEngine] Executing action download_file","context":{"tabId":"tab_1","selector":"#x"}}

[90mstderr[2m | tests/unit/browser-action-engine.spec.ts[2m > [22m[2m@sutradhar/browser BrowserActionEngine actions fail loudly with no live page (no fabricated success)[2m > [22m[2m'download_file' reports failure instead of fabricated success when the tab has no live page[22m[39m
{"timestamp":"2026-09-30T15:02:31.784Z","level":"warn","message":"[BrowserActionEngine] Action download_file failed (attempt 1/1): No live browser page for tab tab_1 — cannot execute download_file.","context":{}}

[90mstdout[2m | tests/unit/browser-action-engine.spec.ts[2m > [22m[2m@sutradhar/browser BrowserActionEngine tab-lifecycle actions are session-level, not engine-level[2m > [22m[2mswitch_tab fails loudly instead of pretending to succeed, for a caller that bypasses the type system[22m[39m
{"timestamp":"2026-09-30T15:02:31.784Z","level":"info","message":"[BrowserActionEngine] Executing action switch_tab","context":{"tabId":"tab_1"}}

[90mstderr[2m | tests/unit/browser-action-engine.spec.ts[2m > [22m[2m@sutradhar/browser BrowserActionEngine tab-lifecycle actions are session-level, not engine-level[2m > [22m[2mswitch_tab fails loudly instead of pretending to succeed, for a caller that bypasses the type system[22m[39m
{"timestamp":"2026-09-30T15:02:31.784Z","level":"warn","message":"[BrowserActionEngine] Action switch_tab failed (attempt 1/1): Unsupported action type switch_tab","context":{}}
{"timestamp":"2026-09-30T15:02:31.784Z","level":"warn","message":"[BrowserActionEngine] Skipping failure screenshot: tab.page.screenshot is not a function","context":{}}

[90mstdout[2m | tests/unit/browser-action-engine.spec.ts[2m > [22m[2m@sutradhar/browser BrowserActionEngine tab-lifecycle actions are session-level, not engine-level[2m > [22m[2mopen_new_tab fails loudly instead of pretending to succeed, for a caller that bypasses the type system[22m[39m
{"timestamp":"2026-09-30T15:02:31.785Z","level":"info","message":"[BrowserActionEngine] Executing action open_new_tab","context":{"tabId":"tab_1"}}

[90mstderr[2m | tests/unit/browser-action-engine.spec.ts[2m > [22m[2m@sutradhar/browser BrowserActionEngine tab-lifecycle actions are session-level, not engine-level[2m > [22m[2mopen_new_tab fails loudly instead of pretending to succeed, for a caller that bypasses the type system[22m[39m
{"timestamp":"2026-09-30T15:02:31.785Z","level":"warn","message":"[BrowserActionEngine] Action open_new_tab failed (attempt 1/1): Unsupported action type open_new_tab","context":{}}
{"timestamp":"2026-09-30T15:02:31.785Z","level":"warn","message":"[BrowserActionEngine] Skipping failure screenshot: tab.page.screenshot is not a function","context":{}}

[90mstdout[2m | tests/unit/browser-action-engine.spec.ts[2m > [22m[2m@sutradhar/browser BrowserActionEngine tab-lifecycle actions are session-level, not engine-level[2m > [22m[2mclose_tab fails loudly instead of pretending to succeed, for a caller that bypasses the type system[22m[39m
{"timestamp":"2026-09-30T15:02:31.785Z","level":"info","message":"[BrowserActionEngine] Executing action close_tab","context":{"tabId":"tab_1"}}

[90mstderr[2m | tests/unit/browser-action-engine.spec.ts[2m > [22m[2m@sutradhar/browser BrowserActionEngine tab-lifecycle actions are session-level, not engine-level[2m > [22m[2mclose_tab fails loudly instead of pretending to succeed, for a caller that bypasses the type system[22m[39m
{"timestamp":"2026-09-30T15:02:31.785Z","level":"warn","message":"[BrowserActionEngine] Action close_tab failed (attempt 1/1): Unsupported action type close_tab","context":{}}
{"timestamp":"2026-09-30T15:02:31.785Z","level":"warn","message":"[BrowserActionEngine] Skipping failure screenshot: tab.page.screenshot is not a function","context":{}}

[90mstdout[2m | tests/unit/browser-action-engine.spec.ts[2m > [22m[2m@sutradhar/browser BrowserActionEngine post-action settle wait[2m > [22m[2mdoes not wait for settle when the caller does not request it (default off)[22m[39m
{"timestamp":"2026-09-30T15:02:31.785Z","level":"info","message":"[BrowserActionEngine] Executing action press_key","context":{"tabId":"tab_1"}}

[90mstdout[2m | tests/unit/browser-action-engine.spec.ts[2m > [22m[2m@sutradhar/browser BrowserActionEngine post-action settle wait[2m > [22m[2mwaits for DOM-quiet and network-idle when settle:true is requested[22m[39m
{"timestamp":"2026-09-30T15:02:31.785Z","level":"info","message":"[BrowserActionEngine] Executing action press_key","context":{"tabId":"tab_1"}}

[90mstdout[2m | tests/unit/browser-action-engine.spec.ts[2m > [22m[2m@sutradhar/browser BrowserActionEngine post-action settle wait[2m > [22m[2mhonors a partial settle spec, filling in defaults for the rest[22m[39m
{"timestamp":"2026-09-30T15:02:31.786Z","level":"info","message":"[BrowserActionEngine] Executing action press_key","context":{"tabId":"tab_1"}}

[90mstdout[2m | tests/unit/browser-action-engine.spec.ts[2m > [22m[2m@sutradhar/browser BrowserActionEngine post-action settle wait[2m > [22m[2mdoes not fail the action if the settle wait itself times out (best-effort, not a hard requirement)[22m[39m
{"timestamp":"2026-09-30T15:02:31.786Z","level":"info","message":"[BrowserActionEngine] Executing action press_key","context":{"tabId":"tab_1"}}

[90mstdout[2m | tests/unit/browser-action-engine.spec.ts[2m > [22m[2mFR2-08 settle via page-settle[2m > [22m[2mE1: settle:true on a newly-wired action type (focus) runs the settle AFTER the action, via the generic engine path[22m[39m
{"timestamp":"2026-09-30T15:02:31.786Z","level":"info","message":"[BrowserActionEngine] Executing action focus","context":{"tabId":"tab_1","selector":"#f"}}
{"timestamp":"2026-09-30T15:02:31.787Z","level":"info","message":"[BrowserActionEngine] Executing action focus","context":{"tabId":"tab_1","selector":"#f"}}

[90mstdout[2m | tests/unit/browser-action-engine.spec.ts[2m > [22m[2mFR2-08 settle via page-settle[2m > [22m[2mE2: a failed action never runs settle (pins that settle is success-path only)[22m[39m
{"timestamp":"2026-09-30T15:02:31.787Z","level":"info","message":"[BrowserActionEngine] Executing action press_key","context":{"tabId":"tab_1"}}

[90mstderr[2m | tests/unit/browser-action-engine.spec.ts[2m > [22m[2mFR2-08 settle via page-settle[2m > [22m[2mE2: a failed action never runs settle (pins that settle is success-path only)[22m[39m
{"timestamp":"2026-09-30T15:02:31.787Z","level":"warn","message":"[BrowserActionEngine] Action press_key failed (attempt 1/1): Cannot read properties of undefined (reading 'press')","context":{}}
{"timestamp":"2026-09-30T15:02:31.787Z","level":"warn","message":"[BrowserActionEngine] Skipping failure screenshot: tab.page.screenshot is not a function","context":{}}

[90mstdout[2m | tests/unit/browser-action-engine.spec.ts[2m > [22m[2mFR2-08 settle via page-settle[2m > [22m[2mE3: a settle whose evaluate never resolves still returns success (D14 hard bound through the engine)[22m[39m
{"timestamp":"2026-09-30T15:02:31.787Z","level":"info","message":"[BrowserActionEngine] Executing action press_key","context":{"tabId":"tab_1"}}

[90mstdout[2m | tests/unit/browser-action-engine.spec.ts[2m > [22m[2m@sutradhar/browser BrowserActionEngine scroll — element-targeted (nested scroll containers)[2m > [22m[2mscrolls the target element itself (its own scrollTop), not the window, when a selector is given[22m[39m
{"timestamp":"2026-09-30T15:02:32.353Z","level":"info","message":"[BrowserActionEngine] Executing action scroll","context":{"tabId":"tab_1","selector":".grid-scroller"}}

[90mstdout[2m | tests/unit/browser-action-engine.spec.ts[2m > [22m[2m@sutradhar/browser BrowserActionEngine scroll — element-targeted (nested scroll containers)[2m > [22m[2mthrows a clear, element-specific error when the target scroll container genuinely does not move (not at a boundary)[22m[39m
{"timestamp":"2026-09-30T15:02:32.353Z","level":"info","message":"[BrowserActionEngine] Executing action scroll","context":{"tabId":"tab_1","selector":".grid-scroller"}}

[90mstderr[2m | tests/unit/browser-action-engine.spec.ts[2m > [22m[2m@sutradhar/browser BrowserActionEngine scroll — element-targeted (nested scroll containers)[2m > [22m[2mthrows a clear, element-specific error when the target scroll container genuinely does not move (not at a boundary)[22m[39m
{"timestamp":"2026-09-30T15:02:32.353Z","level":"warn","message":"[BrowserActionEngine] Action scroll failed (attempt 1/1): scroll had no effect on \".grid-scroller\" — its scrollTop stayed at 50 after attempting to scroll down by 500px, and it doesn't appear to already be at that scroll boundary. The element may not actually be its own scroll container (no overflow:auto/scroll), or something is intercepting/resetting the scroll.","context":{}}
{"timestamp":"2026-09-30T15:02:32.354Z","level":"warn","message":"[BrowserActionEngine] Skipping failure screenshot: tab.page.screenshot is not a function","context":{}}

[90mstdout[2m | tests/unit/browser-action-engine.spec.ts[2m > [22m[2m@sutradhar/browser BrowserActionEngine scroll — element-targeted (nested scroll containers)[2m > [22m[2mdoes not false-fail when the target element is already at its scroll boundary[22m[39m
{"timestamp":"2026-09-30T15:02:32.354Z","level":"info","message":"[BrowserActionEngine] Executing action scroll","context":{"tabId":"tab_1","selector":".grid-scroller"}}

[90mstdout[2m | tests/unit/browser-action-engine.spec.ts[2m > [22m[2m@sutradhar/browser BrowserActionEngine scroll — element-targeted (nested scroll containers)[2m > [22m[2mfalls back to window-scrolling when no selector is given (unchanged default behavior)[22m[39m
{"timestamp":"2026-09-30T15:02:32.354Z","level":"info","message":"[BrowserActionEngine] Executing action scroll","context":{"tabId":"tab_1"}}

[90mstdout[2m | tests/unit/browser-action-engine.spec.ts[2m > [22m[2m@sutradhar/browser BrowserActionEngine scroll — element-targeted (nested scroll containers)[2m > [22m[2mdirection "bottom" actually jumps to the real scroll boundary, not a relative move (fixes a real bug: "bottom" previously scrolled UP by `amount` instead)[22m[39m
{"timestamp":"2026-09-30T15:02:32.354Z","level":"info","message":"[BrowserActionEngine] Executing action scroll","context":{"tabId":"tab_1"}}

[90mstdout[2m | tests/unit/browser-action-engine.spec.ts[2m > [22m[2m@sutradhar/browser BrowserActionEngine scroll — element-targeted (nested scroll containers)[2m > [22m[2mdirection "top" jumps to scrollY 0 on an element-targeted scroll container[22m[39m
{"timestamp":"2026-09-30T15:02:32.354Z","level":"info","message":"[BrowserActionEngine] Executing action scroll","context":{"tabId":"tab_1","selector":".grid-scroller"}}

[90mstdout[2m | tests/unit/browser-action-engine.spec.ts[2m > [22m[2m@sutradhar/browser BrowserActionEngine wait_for_selector states (FR2-01, fix-1)[2m > [22m[2mE1: default state is now visible — the intentional 0.5.0 behavior change from the old attached-only default[22m[39m
{"timestamp":"2026-09-30T15:02:32.354Z","level":"info","message":"[BrowserActionEngine] Executing action wait_for_selector","context":{"tabId":"tab_1","selector":"#t"}}

[90mstdout[2m | tests/unit/browser-action-engine.spec.ts[2m > [22m[2m@sutradhar/browser BrowserActionEngine wait_for_selector states (FR2-01, fix-1)[2m > [22m[2mE2: state:"visible" only succeeds once the element is genuinely visible, never on attached-but-hidden[22m[39m
{"timestamp":"2026-09-30T15:02:32.355Z","level":"info","message":"[BrowserActionEngine] Executing action wait_for_selector","context":{"tabId":"tab_1","selector":"#t"}}

[90mstdout[2m | tests/unit/browser-action-engine.spec.ts[2m > [22m[2m@sutradhar/browser BrowserActionEngine wait_for_selector states (FR2-01, fix-1)[2m > [22m[2mE3: state:"attached" returns even though the element is hidden — the old default behavior, unchanged[22m[39m
{"timestamp":"2026-09-30T15:02:32.570Z","level":"info","message":"[BrowserActionEngine] Executing action wait_for_selector","context":{"tabId":"tab_1","selector":"#t"}}

[90mstdout[2m | tests/unit/browser-action-engine.spec.ts[2m > [22m[2m@sutradhar/browser BrowserActionEngine wait_for_selector states (FR2-01, fix-1)[2m > [22m[2mE4: state:"hidden" resolves on hide or removal, and reports matchedAtStart[22m[39m
{"timestamp":"2026-09-30T15:02:32.570Z","level":"info","message":"[BrowserActionEngine] Executing action wait_for_selector","context":{"tabId":"tab_1","selector":"#toast"}}

[90mstdout[2m | tests/unit/browser-action-engine.spec.ts[2m > [22m[2m@sutradhar/browser BrowserActionEngine wait_for_selector states (FR2-01, fix-1)[2m > [22m[2mE4: state:"hidden" resolves on hide or removal, and reports matchedAtStart[22m[39m
{"timestamp":"2026-09-30T15:02:32.786Z","level":"info","message":"[BrowserActionEngine] Executing action wait_for_selector","context":{"tabId":"tab_1","selector":"#toast"}}

[90mstdout[2m | tests/unit/browser-action-engine.spec.ts[2m > [22m[2m@sutradhar/browser BrowserActionEngine wait_for_selector states (FR2-01, fix-1)[2m > [22m[2mE5: hidden across multiple frames requires EVERY frame to agree, and frame probes within one pass now run in parallel (GAP-059, FR2-01 fix-3)[22m[39m
{"timestamp":"2026-09-30T15:02:32.787Z","level":"info","message":"[BrowserActionEngine] Executing action wait_for_selector","context":{"tabId":"tab_1","selector":"#banner"}}

[90mstdout[2m | tests/unit/browser-action-engine.spec.ts[2m > [22m[2m@sutradhar/browser BrowserActionEngine wait_for_selector states (FR2-01, fix-1)[2m > [22m[2mE5: hidden across multiple frames requires EVERY frame to agree, and frame probes within one pass now run in parallel (GAP-059, FR2-01 fix-3)[22m[39m
<empty line>
[90mstderr[2m | tests/unit/browser-action-engine.spec.ts[2m > [22m[2m@sutradhar/browser BrowserActionEngine wait_for_selector states (FR2-01, fix-1)[2m > [22m[2mE5: hidden across multiple frames requires EVERY frame to agree, and frame probes within one pass now run in parallel (GAP-059, FR2-01 fix-3)[22m[39m
{"timestamp":"2026-09-30T15:02:33.125Z","level":"warn","message":"[BrowserActionEngine] Action wait_for_selector failed (attempt 1/1): wait_for_selector timed out after 300ms waiting for state=hidden: an element matching \"#banner\" is still visible.","context":{}}
{"timestamp":"2026-09-30T15:02:33.125Z","level":"warn","message":"[BrowserActionEngine] Skipping failure screenshot: tab.page.screenshot is not a function","context":{}}

[90mstdout[2m | tests/unit/browser-action-engine.spec.ts[2m > [22m[2m@sutradhar/browser BrowserActionEngine wait_for_selector states (FR2-01, fix-1)[2m > [22m[2mE6: a visible timeout names the state and diagnoses that matches exist but are hidden[22m[39m
{"timestamp":"2026-09-30T15:02:33.126Z","level":"info","message":"[BrowserActionEngine] Executing action wait_for_selector","context":{"tabId":"tab_1","selector":"#t"}}

[90mstdout[2m | tests/unit/browser-action-engine.spec.ts[2m > [22m[2m@sutradhar/browser BrowserActionEngine wait_for_selector states (FR2-01, fix-1)[2m > [22m[2mE6: a visible timeout names the state and diagnoses that matches exist but are hidden[22m[39m
<empty line>
[90mstderr[2m | tests/unit/browser-action-engine.spec.ts[2m > [22m[2m@sutradhar/browser BrowserActionEngine wait_for_selector states (FR2-01, fix-1)[2m > [22m[2mE6: a visible timeout names the state and diagnoses that matches exist but are hidden[22m[39m
{"timestamp":"2026-09-30T15:02:33.186Z","level":"warn","message":"[BrowserActionEngine] Action wait_for_selector failed (attempt 1/1): wait_for_selector timed out after 50ms waiting for state=visible: 1 element(s) match \"#t\" and are attached to the DOM, but none is visible (display:none, visibility:hidden, or zero width/height). Pass state \"attached\" if DOM presence is enough.","context":{}}
{"timestamp":"2026-09-30T15:02:33.186Z","level":"warn","message":"[BrowserActionEngine] Skipping failure screenshot: tab.page.screenshot is not a function","context":{}}

[90mstdout[2m | tests/unit/browser-action-engine.spec.ts[2m > [22m[2m@sutradhar/browser BrowserActionEngine wait_for_selector states (FR2-01, fix-1)[2m > [22m[2mE7: first match hidden, a later match visible — diagnosed instead of silently timing out[22m[39m
{"timestamp":"2026-09-30T15:02:33.186Z","level":"info","message":"[BrowserActionEngine] Executing action wait_for_selector","context":{"tabId":"tab_1","selector":".dup"}}

[90mstdout[2m | tests/unit/browser-action-engine.spec.ts[2m > [22m[2m@sutradhar/browser BrowserActionEngine wait_for_selector states (FR2-01, fix-1)[2m > [22m[2mE7: first match hidden, a later match visible — diagnosed instead of silently timing out[22m[39m
<empty line>
[90mstderr[2m | tests/unit/browser-action-engine.spec.ts[2m > [22m[2m@sutradhar/browser BrowserActionEngine wait_for_selector states (FR2-01, fix-1)[2m > [22m[2mE7: first match hidden, a later match visible — diagnosed instead of silently timing out[22m[39m
{"timestamp":"2026-09-30T15:02:33.249Z","level":"warn","message":"[BrowserActionEngine] Action wait_for_selector failed (attempt 1/1): wait_for_selector timed out after 50ms waiting for state=visible: the first match is not visible, but 1 later match(es) are. Visibility is checked on the first match in document order; use a more specific selector.","context":{}}
{"timestamp":"2026-09-30T15:02:33.249Z","level":"warn","message":"[BrowserActionEngine] Skipping failure screenshot: tab.page.screenshot is not a function","context":{}}

[90mstdout[2m | tests/unit/browser-action-engine.spec.ts[2m > [22m[2m@sutradhar/browser BrowserActionEngine wait_for_selector states (FR2-01, fix-1)[2m > [22m[2mE8: visible with zero matches keeps the node-id staleness guidance and the "no element found" substring[22m[39m
{"timestamp":"2026-09-30T15:02:33.249Z","level":"info","message":"[BrowserActionEngine] Executing action wait_for_selector","context":{"tabId":"tab_1","selector":"#nope"}}

[90mstderr[2m | tests/unit/browser-action-engine.spec.ts[2m > [22m[2m@sutradhar/browser BrowserActionEngine wait_for_selector states (FR2-01, fix-1)[2m > [22m[2mE8: visible with zero matches keeps the node-id staleness guidance and the "no element found" substring[22m[39m
{"timestamp":"2026-09-30T15:02:33.311Z","level":"warn","message":"[BrowserActionEngine] Action wait_for_selector failed (attempt 1/1): wait_for_selector timed out after 50ms waiting for state=visible: No element found for selector: #nope","context":{}}
{"timestamp":"2026-09-30T15:02:33.311Z","level":"warn","message":"[BrowserActionEngine] Skipping failure screenshot: tab.page.screenshot is not a function","context":{}}

[90mstdout[2m | tests/unit/browser-action-engine.spec.ts[2m > [22m[2m@sutradhar/browser BrowserActionEngine wait_for_selector states (FR2-01, fix-1)[2m > [22m[2mE8: visible with zero matches keeps the node-id staleness guidance and the "no element found" substring[22m[39m
{"timestamp":"2026-09-30T15:02:33.311Z","level":"info","message":"[BrowserActionEngine] Executing action wait_for_selector","context":{"tabId":"tab_1","selector":"[data-sd-node-id=\"99\"]"}}

[90mstdout[2m | tests/unit/browser-action-engine.spec.ts[2m > [22m[2m@sutradhar/browser BrowserActionEngine wait_for_selector states (FR2-01, fix-1)[2m > [22m[2mE8: visible with zero matches keeps the node-id staleness guidance and the "no element found" substring[22m[39m
<empty line>
[90mstderr[2m | tests/unit/browser-action-engine.spec.ts[2m > [22m[2m@sutradhar/browser BrowserActionEngine wait_for_selector states (FR2-01, fix-1)[2m > [22m[2mE8: visible with zero matches keeps the node-id staleness guidance and the "no element found" substring[22m[39m
{"timestamp":"2026-09-30T15:02:33.374Z","level":"warn","message":"[BrowserActionEngine] Action wait_for_selector failed (attempt 1/1): wait_for_selector timed out after 50ms waiting for state=visible: No element found for selector: [data-sd-node-id=\"99\"] — the page navigated since the last snapshot (or none has been taken yet this document). Call browser.snapshot again and use a fresh node id.","context":{}}
{"timestamp":"2026-09-30T15:02:33.375Z","level":"warn","message":"[BrowserActionEngine] Skipping failure screenshot: tab.page.screenshot is not a function","context":{}}

[90mstdout[2m | tests/unit/browser-action-engine.spec.ts[2m > [22m[2m@sutradhar/browser BrowserActionEngine wait_for_selector states (FR2-01, fix-1)[2m > [22m[2mE9: an attached timeout names the state too (attached path unchanged — still frame.waitForSelector, no matches)[22m[39m
{"timestamp":"2026-09-30T15:02:33.375Z","level":"info","message":"[BrowserActionEngine] Executing action wait_for_selector","context":{"tabId":"tab_1","selector":"#t"}}

[90mstderr[2m | tests/unit/browser-action-engine.spec.ts[2m > [22m[2m@sutradhar/browser BrowserActionEngine wait_for_selector states (FR2-01, fix-1)[2m > [22m[2mE9: an attached timeout names the state too (attached path unchanged — still frame.waitForSelector, no matches)[22m[39m
{"timestamp":"2026-09-30T15:02:33.375Z","level":"warn","message":"[BrowserActionEngine] Action wait_for_selector failed (attempt 1/1): wait_for_selector timed out after 50ms waiting for state=attached: No element found for selector: #t","context":{}}
{"timestamp":"2026-09-30T15:02:33.375Z","level":"warn","message":"[BrowserActionEngine] Skipping failure screenshot: tab.page.screenshot is not a function","context":{}}

[90mstdout[2m | tests/unit/browser-action-engine.spec.ts[2m > [22m[2m@sutradhar/browser BrowserActionEngine wait_for_selector states (FR2-01, fix-1)[2m > [22m[2mGAP-009a: an attached timeout with a genuinely EXISTING match says so, never "No element found"[22m[39m
{"timestamp":"2026-09-30T15:02:33.375Z","level":"info","message":"[BrowserActionEngine] Executing action wait_for_selector","context":{"tabId":"tab_1","selector":"#t"}}

[90mstderr[2m | tests/unit/browser-action-engine.spec.ts[2m > [22m[2m@sutradhar/browser BrowserActionEngine wait_for_selector states (FR2-01, fix-1)[2m > [22m[2mGAP-009a: an attached timeout with a genuinely EXISTING match says so, never "No element found"[22m[39m
{"timestamp":"2026-09-30T15:02:33.376Z","level":"warn","message":"[BrowserActionEngine] Action wait_for_selector failed (attempt 1/1): wait_for_selector timed out after 50ms waiting for state=attached: 1 element(s) already match \"#t\". The wait still timed out — this is likely a race where the DOM-presence check did not observe them settle in time; try a larger timeoutMs.","context":{}}
{"timestamp":"2026-09-30T15:02:33.376Z","level":"warn","message":"[BrowserActionEngine] Skipping failure screenshot: tab.page.screenshot is not a function","context":{}}

[90mstdout[2m | tests/unit/browser-action-engine.spec.ts[2m > [22m[2m@sutradhar/browser BrowserActionEngine wait_for_selector states (FR2-01, fix-1)[2m > [22m[2mGAP-009b: a visible timeout where the first match IS visible (a late race) says so, never "No element found"[22m[39m
{"timestamp":"2026-09-30T15:02:33.376Z","level":"info","message":"[BrowserActionEngine] Executing action wait_for_selector","context":{"tabId":"tab_1","selector":"#t"}}

[90mstdout[2m | tests/unit/browser-action-engine.spec.ts[2m > [22m[2m@sutradhar/browser BrowserActionEngine wait_for_selector states (FR2-01, fix-1)[2m > [22m[2mGAP-009b: a visible timeout where the first match IS visible (a late race) says so, never "No element found"[22m[39m
<empty line>
[90mstderr[2m | tests/unit/browser-action-engine.spec.ts[2m > [22m[2m@sutradhar/browser BrowserActionEngine wait_for_selector states (FR2-01, fix-1)[2m > [22m[2mGAP-009b: a visible timeout where the first match IS visible (a late race) says so, never "No element found"[22m[39m
{"timestamp":"2026-09-30T15:02:33.437Z","level":"warn","message":"[BrowserActionEngine] Action wait_for_selector failed (attempt 1/1): wait_for_selector timed out after 50ms waiting for state=visible: 1 element(s) match \"#t\" and the first is visible now; it became visible after the wait gave up. This is likely a race at the very end of the timeout; try a larger timeoutMs.","context":{}}
{"timestamp":"2026-09-30T15:02:33.437Z","level":"warn","message":"[BrowserActionEngine] Skipping failure screenshot: tab.page.screenshot is not a function","context":{}}

[90mstdout[2m | tests/unit/browser-action-engine.spec.ts[2m > [22m[2m@sutradhar/browser BrowserActionEngine wait_for_selector states (FR2-01, fix-1)[2m > [22m[2mE10: the state-naming error beats the generic outer-race timeout message (GAP-013: this test genuinely depends on the grace period)[22m[39m
{"timestamp":"2026-09-30T15:02:33.437Z","level":"info","message":"[BrowserActionEngine] Executing action wait_for_selector","context":{"tabId":"tab_1","selector":"#t"}}

[90mstderr[2m | tests/unit/browser-action-engine.spec.ts[2m > [22m[2m@sutradhar/browser BrowserActionEngine wait_for_selector states (FR2-01, fix-1)[2m > [22m[2mE10: the state-naming error beats the generic outer-race timeout message (GAP-013: this test genuinely depends on the grace period)[22m[39m
{"timestamp":"2026-09-30T15:02:33.608Z","level":"warn","message":"[BrowserActionEngine] Action wait_for_selector failed (attempt 1/1): wait_for_selector timed out after 100ms waiting for state=visible: No element found for selector: #t","context":{}}
{"timestamp":"2026-09-30T15:02:33.608Z","level":"warn","message":"[BrowserActionEngine] Skipping failure screenshot: tab.page.screenshot is not a function","context":{}}

[90mstdout[2m | tests/unit/browser-action-engine.spec.ts[2m > [22m[2m@sutradhar/browser BrowserActionEngine wait_for_selector states (FR2-01, fix-1)[2m > [22m[2mE10: the state-naming error beats the generic outer-race timeout message (GAP-013: this test genuinely depends on the grace period)[22m[39m
{"timestamp":"2026-09-30T15:02:33.608Z","level":"info","message":"[BrowserActionEngine] Executing action wait_for_selector","context":{"tabId":"tab_1","selector":"#t"}}

[90mstdout[2m | tests/unit/browser-action-engine.spec.ts[2m > [22m[2m@sutradhar/browser BrowserActionEngine wait_for_selector states (FR2-01, fix-1)[2m > [22m[2mE10: the state-naming error beats the generic outer-race timeout message (GAP-013: this test genuinely depends on the grace period)[22m[39m
<empty line>
[90mstderr[2m | tests/unit/browser-action-engine.spec.ts[2m > [22m[2m@sutradhar/browser BrowserActionEngine wait_for_selector states (FR2-01, fix-1)[2m > [22m[2mE10: the state-naming error beats the generic outer-race timeout message (GAP-013: this test genuinely depends on the grace period)[22m[39m
{"timestamp":"2026-09-30T15:02:33.779Z","level":"warn","message":"[BrowserActionEngine] Action wait_for_selector failed (attempt 1/1): Action wait_for_selector timed out after 100ms","context":{}}
{"timestamp":"2026-09-30T15:02:33.779Z","level":"warn","message":"[BrowserActionEngine] Skipping failure screenshot: tab.page.screenshot is not a function","context":{}}

[90mstdout[2m | tests/unit/browser-action-engine.spec.ts[2m > [22m[2m@sutradhar/browser BrowserActionEngine wait_for_selector states (FR2-01, fix-1)[2m > [22m[2mE11: an invalid state bypassing the type system fails clearly instead of being silently coerced[22m[39m
{"timestamp":"2026-09-30T15:02:33.780Z","level":"info","message":"[BrowserActionEngine] Executing action wait_for_selector","context":{"tabId":"tab_1","selector":"#t"}}

[90mstderr[2m | tests/unit/browser-action-engine.spec.ts[2m > [22m[2m@sutradhar/browser BrowserActionEngine wait_for_selector states (FR2-01, fix-1)[2m > [22m[2mE11: an invalid state bypassing the type system fails clearly instead of being silently coerced[22m[39m
{"timestamp":"2026-09-30T15:02:33.780Z","level":"warn","message":"[BrowserActionEngine] Action wait_for_selector failed (attempt 1/1): Invalid wait_for_selector state \"bogus\" — expected one of: visible, attached, hidden.","context":{}}
{"timestamp":"2026-09-30T15:02:33.780Z","level":"warn","message":"[BrowserActionEngine] Skipping failure screenshot: tab.page.screenshot is not a function","context":{}}

[90mstdout[2m | tests/unit/browser-action-engine.spec.ts[2m > [22m[2m@sutradhar/browser BrowserActionEngine wait_for_selector states (FR2-01, fix-1)[2m > [22m[2mE12: timeoutMs <= 0 means "check once, don't wait" (GAP-011 rewrite — the old 1ms-clamp behavior always failed even when already in the requested state)[22m[39m
{"timestamp":"2026-09-30T15:02:33.780Z","level":"info","message":"[BrowserActionEngine] Executing action wait_for_selector","context":{"tabId":"tab_1","selector":"#t"}}
{"timestamp":"2026-09-30T15:02:33.781Z","level":"info","message":"[BrowserActionEngine] Executing action wait_for_selector","context":{"tabId":"tab_1","selector":"#t"}}
{"timestamp":"2026-09-30T15:02:33.781Z","level":"info","message":"[BrowserActionEngine] Executing action wait_for_selector","context":{"tabId":"tab_1","selector":"#t"}}
{"timestamp":"2026-09-30T15:02:33.781Z","level":"info","message":"[BrowserActionEngine] Executing action wait_for_selector","context":{"tabId":"tab_1","selector":"#t"}}
{"timestamp":"2026-09-30T15:02:33.781Z","level":"info","message":"[BrowserActionEngine] Executing action wait_for_selector","context":{"tabId":"tab_1","selector":"#t"}}
{"timestamp":"2026-09-30T15:02:33.781Z","level":"info","message":"[BrowserActionEngine] Executing action wait_for_selector","context":{"tabId":"tab_1","selector":"#t"}}
{"timestamp":"2026-09-30T15:02:33.781Z","level":"info","message":"[BrowserActionEngine] Executing action wait_for_selector","context":{"tabId":"tab_1","selector":"#t"}}

[90mstderr[2m | tests/unit/browser-action-engine.spec.ts[2m > [22m[2m@sutradhar/browser BrowserActionEngine wait_for_selector states (FR2-01, fix-1)[2m > [22m[2mE12: timeoutMs <= 0 means "check once, don't wait" (GAP-011 rewrite — the old 1ms-clamp behavior always failed even when already in the requested state)[22m[39m
{"timestamp":"2026-09-30T15:02:33.781Z","level":"warn","message":"[BrowserActionEngine] Action wait_for_selector failed (attempt 1/1): wait_for_selector timed out after 0ms waiting for state=visible: No element found for selector: #t","context":{}}
{"timestamp":"2026-09-30T15:02:33.781Z","level":"warn","message":"[BrowserActionEngine] Skipping failure screenshot: tab.page.screenshot is not a function","context":{}}
{"timestamp":"2026-09-30T15:02:33.781Z","level":"warn","message":"[BrowserActionEngine] Action wait_for_selector failed (attempt 1/1): wait_for_selector timed out after 0ms waiting for state=attached: No element found for selector: #t","context":{}}
{"timestamp":"2026-09-30T15:02:33.781Z","level":"warn","message":"[BrowserActionEngine] Skipping failure screenshot: tab.page.screenshot is not a function","context":{}}
{"timestamp":"2026-09-30T15:02:33.781Z","level":"warn","message":"[BrowserActionEngine] Action wait_for_selector failed (attempt 1/1): wait_for_selector timed out after 0ms waiting for state=hidden: an element matching \"#t\" is still visible.","context":{}}
{"timestamp":"2026-09-30T15:02:33.781Z","level":"warn","message":"[BrowserActionEngine] Skipping failure screenshot: tab.page.screenshot is not a function","context":{}}
{"timestamp":"2026-09-30T15:02:33.781Z","level":"warn","message":"[BrowserActionEngine] Action wait_for_selector failed (attempt 1/1): wait_for_selector timed out after 0ms waiting for state=attached: No element found for selector: #t","context":{}}
{"timestamp":"2026-09-30T15:02:33.782Z","level":"warn","message":"[BrowserActionEngine] Skipping failure screenshot: tab.page.screenshot is not a function","context":{}}

[90mstdout[2m | tests/unit/browser-action-engine.spec.ts[2m > [22m[2m@sutradhar/browser BrowserActionEngine wait_for_selector states (FR2-01, fix-1)[2m > [22m[2mE13: the visibility diagnosis is best-effort — a frame with no $$eval support still returns a state-naming error, not a TypeError[22m[39m
{"timestamp":"2026-09-30T15:02:33.782Z","level":"info","message":"[BrowserActionEngine] Executing action wait_for_selector","context":{"tabId":"tab_1","selector":"#t"}}

[90mstdout[2m | tests/unit/browser-action-engine.spec.ts[2m > [22m[2m@sutradhar/browser BrowserActionEngine wait_for_selector states (FR2-01, fix-1)[2m > [22m[2mE13: the visibility diagnosis is best-effort — a frame with no $$eval support still returns a state-naming error, not a TypeError[22m[39m
<empty line>
[90mstderr[2m | tests/unit/browser-action-engine.spec.ts[2m > [22m[2m@sutradhar/browser BrowserActionEngine wait_for_selector states (FR2-01, fix-1)[2m > [22m[2mE13: the visibility diagnosis is best-effort — a frame with no $$eval support still returns a state-naming error, not a TypeError[22m[39m
{"timestamp":"2026-09-30T15:02:33.840Z","level":"warn","message":"[BrowserActionEngine] Action wait_for_selector failed (attempt 1/1): wait_for_selector timed out after 50ms waiting for state=visible: No element found for selector: #t","context":{}}
{"timestamp":"2026-09-30T15:02:33.840Z","level":"warn","message":"[BrowserActionEngine] Skipping failure screenshot: tab.page.screenshot is not a function","context":{}}

[90mstdout[2m | tests/unit/browser-action-engine.spec.ts[2m > [22m[2m@sutradhar/browser BrowserActionEngine wait_for_selector states (FR2-01, fix-1)[2m > [22m[2mGAP-015: an invalid selector under state hidden fails fast with the real parser error, not "still visible" after the full timeout[22m[39m
{"timestamp":"2026-09-30T15:02:33.841Z","level":"info","message":"[BrowserActionEngine] Executing action wait_for_selector","context":{"tabId":"tab_1","selector":"#[[["}}

[90mstderr[2m | tests/unit/browser-action-engine.spec.ts[2m > [22m[2m@sutradhar/browser BrowserActionEngine wait_for_selector states (FR2-01, fix-1)[2m > [22m[2mGAP-015: an invalid selector under state hidden fails fast with the real parser error, not "still visible" after the full timeout[22m[39m
{"timestamp":"2026-09-30T15:02:33.841Z","level":"warn","message":"[BrowserActionEngine] Action wait_for_selector failed (attempt 1/1): wait_for_selector failed waiting for state=hidden: Failed to execute 'querySelector' on 'Document': '#[[[' is not a valid selector.","context":{}}
{"timestamp":"2026-09-30T15:02:33.841Z","level":"warn","message":"[BrowserActionEngine] Skipping failure screenshot: tab.page.screenshot is not a function","context":{}}

[90mstdout[2m | tests/unit/browser-action-engine.spec.ts[2m > [22m[2m@sutradhar/browser BrowserActionEngine wait_for_selector states (FR2-01, fix-1)[2m > [22m[2mGAP-016: hidden succeeding on the first match still reports otherVisibleMatches when a LATER match is visible[22m[39m
{"timestamp":"2026-09-30T15:02:33.841Z","level":"info","message":"[BrowserActionEngine] Executing action wait_for_selector","context":{"tabId":"tab_1","selector":"#banner, #stays"}}

[90mstdout[2m | tests/unit/browser-action-engine.spec.ts[2m > [22m[2m@sutradhar/browser BrowserActionEngine wait_for_selector states (FR2-01, fix-2, audit-2 gaps)[2m > [22m[2mGAP-030: a busy/unresponsive frame does not stall detecting an element already visible in a healthy frame[22m[39m
{"timestamp":"2026-09-30T15:02:33.842Z","level":"info","message":"[BrowserActionEngine] Executing action wait_for_selector","context":{"tabId":"tab_1","selector":"#t"}}

[90mstdout[2m | tests/unit/browser-action-engine.spec.ts[2m > [22m[2m@sutradhar/browser BrowserActionEngine wait_for_selector states (FR2-01, fix-2, audit-2 gaps)[2m > [22m[2mGAP-031: a hidden wait does not falsely report success when the tab/session itself closes mid-wait[22m[39m
{"timestamp":"2026-09-30T15:02:34.101Z","level":"info","message":"[BrowserActionEngine] Executing action wait_for_selector","context":{"tabId":"tab_1","selector":"#stays"}}

[90mstderr[2m | tests/unit/browser-action-engine.spec.ts[2m > [22m[2m@sutradhar/browser BrowserActionEngine wait_for_selector states (FR2-01, fix-2, audit-2 gaps)[2m > [22m[2mGAP-031: a hidden wait does not falsely report success when the tab/session itself closes mid-wait[22m[39m
{"timestamp":"2026-09-30T15:02:34.101Z","level":"warn","message":"[BrowserActionEngine] Action wait_for_selector failed (attempt 1/1): wait_for_selector failed waiting for state=hidden: Protocol error (DOM.querySelector): Session closed. Most likely the page has been closed.","context":{}}
{"timestamp":"2026-09-30T15:02:34.101Z","level":"warn","message":"[BrowserActionEngine] Skipping failure screenshot: tab.page.screenshot is not a function","context":{}}

[90mstdout[2m | tests/unit/browser-action-engine.spec.ts[2m > [22m[2m@sutradhar/browser BrowserActionEngine wait_for_selector states (FR2-01, fix-2, audit-2 gaps)[2m > [22m[2mGAP-031: a visible wait also surfaces a fatal check failure instead of a plain timeout[22m[39m
{"timestamp":"2026-09-30T15:02:34.101Z","level":"info","message":"[BrowserActionEngine] Executing action wait_for_selector","context":{"tabId":"tab_1","selector":"#toast"}}

[90mstderr[2m | tests/unit/browser-action-engine.spec.ts[2m > [22m[2m@sutradhar/browser BrowserActionEngine wait_for_selector states (FR2-01, fix-2, audit-2 gaps)[2m > [22m[2mGAP-031: a visible wait also surfaces a fatal check failure instead of a plain timeout[22m[39m
{"timestamp":"2026-09-30T15:02:34.101Z","level":"warn","message":"[BrowserActionEngine] Action wait_for_selector failed (attempt 1/1): Protocol error (DOM.querySelector): Target closed.","context":{}}
{"timestamp":"2026-09-30T15:02:34.102Z","level":"warn","message":"[BrowserActionEngine] Skipping failure screenshot: tab.page.screenshot is not a function","context":{}}

[90mstdout[2m | tests/unit/browser-action-engine.spec.ts[2m > [22m[2m@sutradhar/browser BrowserActionEngine wait_for_selector states (FR2-01, fix-2, audit-2 gaps)[2m > [22m[2mGAP-032: a finite timeoutMs far beyond setTimeout's own ceiling is clamped, not rejected, and still resolves normally[22m[39m
{"timestamp":"2026-09-30T15:02:34.102Z","level":"info","message":"[BrowserActionEngine] Executing action wait_for_selector","context":{"tabId":"tab_1","selector":"#t"}}

[90mstdout[2m | tests/unit/browser-action-engine.spec.ts[2m > [22m[2m@sutradhar/browser BrowserActionEngine wait_for_selector states (FR2-01, fix-2, audit-2 gaps)[2m > [22m[2mGAP-033: an invalid selector under state attached fails fast with the real parser error, not the generic "No element found" after the full timeout[22m[39m
{"timestamp":"2026-09-30T15:02:34.103Z","level":"info","message":"[BrowserActionEngine] Executing action wait_for_selector","context":{"tabId":"tab_1","selector":"#[[["}}

[90mstderr[2m | tests/unit/browser-action-engine.spec.ts[2m > [22m[2m@sutradhar/browser BrowserActionEngine wait_for_selector states (FR2-01, fix-2, audit-2 gaps)[2m > [22m[2mGAP-033: an invalid selector under state attached fails fast with the real parser error, not the generic "No element found" after the full timeout[22m[39m
{"timestamp":"2026-09-30T15:02:34.103Z","level":"warn","message":"[BrowserActionEngine] Action wait_for_selector failed (attempt 1/1): Failed to execute 'querySelector' on 'Document': '#[[[' is not a valid selector.","context":{}}
{"timestamp":"2026-09-30T15:02:34.103Z","level":"warn","message":"[BrowserActionEngine] Skipping failure screenshot: tab.page.screenshot is not a function","context":{}}

[90mstdout[2m | tests/unit/browser-action-engine.spec.ts[2m > [22m[2m@sutradhar/browser BrowserActionEngine wait_for_selector states (FR2-01, fix-2, audit-2 gaps)[2m > [22m[2mGAP-033: a genuinely missing element under state attached still times out normally (pre-check does not false-positive)[22m[39m
{"timestamp":"2026-09-30T15:02:34.103Z","level":"info","message":"[BrowserActionEngine] Executing action wait_for_selector","context":{"tabId":"tab_1","selector":"#nope"}}

[90mstderr[2m | tests/unit/browser-action-engine.spec.ts[2m > [22m[2m@sutradhar/browser BrowserActionEngine wait_for_selector states (FR2-01, fix-2, audit-2 gaps)[2m > [22m[2mGAP-033: a genuinely missing element under state attached still times out normally (pre-check does not false-positive)[22m[39m
{"timestamp":"2026-09-30T15:02:34.103Z","level":"warn","message":"[BrowserActionEngine] Action wait_for_selector failed (attempt 1/1): wait_for_selector timed out after 50ms waiting for state=attached: No element found for selector: #nope","context":{}}
{"timestamp":"2026-09-30T15:02:34.103Z","level":"warn","message":"[BrowserActionEngine] Skipping failure screenshot: tab.page.screenshot is not a function","context":{}}

[90mstdout[2m | tests/unit/browser-action-engine.spec.ts[2m > [22m[2m@sutradhar/browser BrowserActionEngine wait_for_selector states (FR2-01, fix-3, audit-3 gaps)[2m > [22m[2mGAP-057: a hidden wait must NOT report success while a busy frame's element is genuinely, persistently still visible (repro of audit-3 probe-a3.mjs h1/h2 pattern)[22m[39m
{"timestamp":"2026-09-30T15:02:34.104Z","level":"info","message":"[BrowserActionEngine] Executing action wait_for_selector","context":{"tabId":"tab_1","selector":"#spinner"}}

[90mstdout[2m | tests/unit/browser-action-engine.spec.ts[2m > [22m[2m@sutradhar/browser BrowserActionEngine wait_for_selector states (FR2-01, fix-3, audit-3 gaps)[2m > [22m[2mGAP-057: a hidden wait must NOT report success while a busy frame's element is genuinely, persistently still visible (repro of audit-3 probe-a3.mjs h1/h2 pattern)[22m[39m
<empty line>
[90mstderr[2m | tests/unit/browser-action-engine.spec.ts[2m > [22m[2m@sutradhar/browser BrowserActionEngine wait_for_selector states (FR2-01, fix-3, audit-3 gaps)[2m > [22m[2mGAP-057: a hidden wait must NOT report success while a busy frame's element is genuinely, persistently still visible (repro of audit-3 probe-a3.mjs h1/h2 pattern)[22m[39m
{"timestamp":"2026-09-30T15:02:35.000Z","level":"warn","message":"[BrowserActionEngine] Action wait_for_selector failed (attempt 1/1): wait_for_selector timed out after 400ms waiting for state=hidden: could not verify: one or more frames were unresponsive.","context":{}}
{"timestamp":"2026-09-30T15:02:35.002Z","level":"warn","message":"[BrowserActionEngine] Skipping failure screenshot: tab.page.screenshot is not a function","context":{}}

[90mstdout[2m | tests/unit/browser-action-engine.spec.ts[2m > [22m[2m@sutradhar/browser BrowserActionEngine wait_for_selector states (FR2-01, fix-3, audit-3 gaps)[2m > [22m[2mGAP-057 regression guard: a hidden wait still succeeds once every frame genuinely agrees, even after an earlier pass saw one frame time out (recovering busy frame, not a permanent one)[22m[39m
{"timestamp":"2026-09-30T15:02:35.003Z","level":"info","message":"[BrowserActionEngine] Executing action wait_for_selector","context":{"tabId":"tab_1","selector":"#banner"}}

[90mstdout[2m | tests/unit/browser-action-engine.spec.ts[2m > [22m[2m@sutradhar/browser BrowserActionEngine wait_for_selector states (FR2-01, fix-3, audit-3 gaps)[2m > [22m[2mGAP-059: probing multiple busy frames within one hidden-wait pass runs in parallel, not sequentially (latency does not scale with frame count)[22m[39m
{"timestamp":"2026-09-30T15:02:35.264Z","level":"info","message":"[BrowserActionEngine] Executing action wait_for_selector","context":{"tabId":"tab_1","selector":"#spinner"}}

[90mstdout[2m | tests/unit/browser-action-engine.spec.ts[2m > [22m[2m@sutradhar/browser BrowserActionEngine wait_for_selector states (FR2-01, fix-3, audit-3 gaps)[2m > [22m[2mGAP-059: probing multiple busy frames within one hidden-wait pass runs in parallel, not sequentially (latency does not scale with frame count)[22m[39m
<empty line>
[90mstderr[2m | tests/unit/browser-action-engine.spec.ts[2m > [22m[2m@sutradhar/browser BrowserActionEngine wait_for_selector states (FR2-01, fix-3, audit-3 gaps)[2m > [22m[2mGAP-059: probing multiple busy frames within one hidden-wait pass runs in parallel, not sequentially (latency does not scale with frame count)[22m[39m
{"timestamp":"2026-09-30T15:02:36.040Z","level":"warn","message":"[BrowserActionEngine] Action wait_for_selector failed (attempt 1/1): wait_for_selector timed out after 260ms waiting for state=hidden: could not verify: one or more frames were unresponsive.","context":{}}
{"timestamp":"2026-09-30T15:02:36.042Z","level":"warn","message":"[BrowserActionEngine] Skipping failure screenshot: tab.page.screenshot is not a function","context":{}}

[90mstdout[2m | tests/unit/browser-action-engine.spec.ts[2m > [22m[2m@sutradhar/browser BrowserActionEngine wait_for_selector states (FR2-01, fix-3, audit-3 gaps)[2m > [22m[2mGAP-059: an abandoned per-frame probe that resolves a real handle AFTER its 250ms bound is disposed, not leaked[22m[39m
{"timestamp":"2026-09-30T15:02:36.042Z","level":"info","message":"[BrowserActionEngine] Executing action wait_for_selector","context":{"tabId":"tab_1","selector":"#t"}}

[90mstdout[2m | tests/unit/browser-action-engine.spec.ts[2m > [22m[2m@sutradhar/browser BrowserActionEngine wait_for_selector states (FR2-01, fix-3, audit-3 gaps)[2m > [22m[2mGAP-059: an abandoned per-frame probe that resolves a real handle AFTER its 250ms bound is disposed, not leaked[22m[39m
<empty line>
[90mstderr[2m | tests/unit/browser-action-engine.spec.ts[2m > [22m[2m@sutradhar/browser BrowserActionEngine wait_for_selector states (FR2-01, fix-3, audit-3 gaps)[2m > [22m[2mGAP-059: an abandoned per-frame probe that resolves a real handle AFTER its 250ms bound is disposed, not leaked[22m[39m
{"timestamp":"2026-09-30T15:02:36.305Z","level":"warn","message":"[BrowserActionEngine] Action wait_for_selector failed (attempt 1/1): wait_for_selector timed out after 0ms waiting for state=attached: No element found for selector: #t","context":{}}
{"timestamp":"2026-09-30T15:02:36.305Z","level":"warn","message":"[BrowserActionEngine] Skipping failure screenshot: tab.page.screenshot is not a function","context":{}}

[90mstdout[2m | tests/unit/browser-action-engine.spec.ts[2m > [22m[2m@sutradhar/browser BrowserActionEngine wait_for_selector states (FR2-01, fix-3, audit-3 gaps)[2m > [22m[2mGAP-057 (matchedAtStart): probeSelectorMatchExists reports `undefined` (unknown), never `false`, when a frame times out and no OTHER frame confirms a match[22m[39m
{"timestamp":"2026-09-30T15:02:36.821Z","level":"info","message":"[BrowserActionEngine] Executing action wait_for_selector","context":{"tabId":"tab_1","selector":"#t"}}

[90mstdout[2m | tests/unit/browser-action-engine.spec.ts[2m > [22m[2m@sutradhar/browser BrowserActionEngine wait_for_selector states (FR2-01, fix-4, audit-4 escalation gaps)[2m > [22m[2mGAP-081a (isHandleVisible): a fatal session-closed error while checking visibility must report "unknown", never a silently-confirmed "not visible" (which previously let a hidden wait falsely succeed)[22m[39m
{"timestamp":"2026-09-30T15:02:37.072Z","level":"info","message":"[BrowserActionEngine] Executing action wait_for_selector","context":{"tabId":"tab_1","selector":"#spinner"}}

[90mstdout[2m | tests/unit/browser-action-engine.spec.ts[2m > [22m[2m@sutradhar/browser BrowserActionEngine wait_for_selector states (FR2-01, fix-4, audit-4 escalation gaps)[2m > [22m[2mGAP-081a (isHandleVisible): a fatal session-closed error while checking visibility must report "unknown", never a silently-confirmed "not visible" (which previously let a hidden wait falsely succeed)[22m[39m
<empty line>
[90mstderr[2m | tests/unit/browser-action-engine.spec.ts[2m > [22m[2m@sutradhar/browser BrowserActionEngine wait_for_selector states (FR2-01, fix-4, audit-4 escalation gaps)[2m > [22m[2mGAP-081a (isHandleVisible): a fatal session-closed error while checking visibility must report "unknown", never a silently-confirmed "not visible" (which previously let a hidden wait falsely succeed)[22m[39m
{"timestamp":"2026-09-30T15:02:37.225Z","level":"warn","message":"[BrowserActionEngine] Action wait_for_selector failed (attempt 1/1): wait_for_selector timed out after 150ms waiting for state=hidden: could not verify: one or more frames were unresponsive.","context":{}}
{"timestamp":"2026-09-30T15:02:37.225Z","level":"warn","message":"[BrowserActionEngine] Skipping failure screenshot: tab.page.screenshot is not a function","context":{}}

[90mstdout[2m | tests/unit/browser-action-engine.spec.ts[2m > [22m[2m@sutradhar/browser BrowserActionEngine wait_for_selector states (FR2-01, fix-4, audit-4 escalation gaps)[2m > [22m[2mGAP-081b (pierceFirstMatch): an error this code does not otherwise recognize defaults to "unknown", never "no-match" — a probe error is not evidence of absence[22m[39m
{"timestamp":"2026-09-30T15:02:37.225Z","level":"info","message":"[BrowserActionEngine] Executing action wait_for_selector","context":{"tabId":"tab_1","selector":"#spinner"}}

[90mstdout[2m | tests/unit/browser-action-engine.spec.ts[2m > [22m[2m@sutradhar/browser BrowserActionEngine wait_for_selector states (FR2-01, fix-4, audit-4 escalation gaps)[2m > [22m[2mGAP-081b (pierceFirstMatch): an error this code does not otherwise recognize defaults to "unknown", never "no-match" — a probe error is not evidence of absence[22m[39m
<empty line>
[90mstderr[2m | tests/unit/browser-action-engine.spec.ts[2m > [22m[2m@sutradhar/browser BrowserActionEngine wait_for_selector states (FR2-01, fix-4, audit-4 escalation gaps)[2m > [22m[2mGAP-081b (pierceFirstMatch): an error this code does not otherwise recognize defaults to "unknown", never "no-match" — a probe error is not evidence of absence[22m[39m
{"timestamp":"2026-09-30T15:02:37.378Z","level":"warn","message":"[BrowserActionEngine] Action wait_for_selector failed (attempt 1/1): wait_for_selector timed out after 150ms waiting for state=hidden: could not verify: one or more frames were unresponsive.","context":{}}
{"timestamp":"2026-09-30T15:02:37.378Z","level":"warn","message":"[BrowserActionEngine] Skipping failure screenshot: tab.page.screenshot is not a function","context":{}}

[90mstdout[2m | tests/unit/browser-action-engine.spec.ts[2m > [22m[2m@sutradhar/browser BrowserActionEngine wait_for_selector states (FR2-01, fix-4, audit-4 escalation gaps)[2m > [22m[2mGAP-082: a hidden timeout CONFIRMED visible by a healthy frame still says "is still visible", distinct from the "could not verify" unresponsive-frame message[22m[39m
{"timestamp":"2026-09-30T15:02:37.379Z","level":"info","message":"[BrowserActionEngine] Executing action wait_for_selector","context":{"tabId":"tab_1","selector":"#banner"}}

[90mstdout[2m | tests/unit/browser-action-engine.spec.ts[2m > [22m[2m@sutradhar/browser BrowserActionEngine wait_for_selector states (FR2-01, fix-4, audit-4 escalation gaps)[2m > [22m[2mGAP-082: a hidden timeout CONFIRMED visible by a healthy frame still says "is still visible", distinct from the "could not verify" unresponsive-frame message[22m[39m
<empty line>
[90mstderr[2m | tests/unit/browser-action-engine.spec.ts[2m > [22m[2m@sutradhar/browser BrowserActionEngine wait_for_selector states (FR2-01, fix-4, audit-4 escalation gaps)[2m > [22m[2mGAP-082: a hidden timeout CONFIRMED visible by a healthy frame still says "is still visible", distinct from the "could not verify" unresponsive-frame message[22m[39m
{"timestamp":"2026-09-30T15:02:37.532Z","level":"warn","message":"[BrowserActionEngine] Action wait_for_selector failed (attempt 1/1): wait_for_selector timed out after 150ms waiting for state=hidden: an element matching \"#banner\" is still visible.","context":{}}
{"timestamp":"2026-09-30T15:02:37.533Z","level":"warn","message":"[BrowserActionEngine] Skipping failure screenshot: tab.page.screenshot is not a function","context":{}}

[90mstdout[2m | tests/unit/browser-action-engine.spec.ts[2m > [22m[2m@sutradhar/browser BrowserActionEngine wait_for_selector states (FR2-01, fix-4, audit-4 escalation gaps)[2m > [22m[2mGAP-082 (9th site — checkWaitForSelectorOnce): the timeoutMs<=0 hidden check-once path also distinguishes "could not verify" (unresponsive frame) from "is still visible" (confirmed)[22m[39m
{"timestamp":"2026-09-30T15:02:37.533Z","level":"info","message":"[BrowserActionEngine] Executing action wait_for_selector","context":{"tabId":"tab_1","selector":"#banner"}}

[90mstderr[2m | tests/unit/browser-action-engine.spec.ts[2m > [22m[2m@sutradhar/browser BrowserActionEngine wait_for_selector states (FR2-01, fix-4, audit-4 escalation gaps)[2m > [22m[2mGAP-082 (9th site — checkWaitForSelectorOnce): the timeoutMs<=0 hidden check-once path also distinguishes "could not verify" (unresponsive frame) from "is still visible" (confirmed)[22m[39m
{"timestamp":"2026-09-30T15:02:38.033Z","level":"warn","message":"[BrowserActionEngine] Action wait_for_selector failed (attempt 1/1): wait_for_selector timed out after 0ms waiting for state=hidden: could not verify: one or more frames were unresponsive.","context":{}}
{"timestamp":"2026-09-30T15:02:38.033Z","level":"warn","message":"[BrowserActionEngine] Skipping failure screenshot: tab.page.screenshot is not a function","context":{}}
{"timestamp":"2026-09-30T15:02:38.033Z","level":"warn","message":"[BrowserActionEngine] Action wait_for_selector failed (attempt 1/1): wait_for_selector timed out after 0ms waiting for state=hidden: an element matching \"#banner\" is still visible.","context":{}}
{"timestamp":"2026-09-30T15:02:38.034Z","level":"warn","message":"[BrowserActionEngine] Skipping failure screenshot: tab.page.screenshot is not a function","context":{}}

[90mstdout[2m | tests/unit/browser-action-engine.spec.ts[2m > [22m[2m@sutradhar/browser BrowserActionEngine wait_for_selector states (FR2-01, fix-4, audit-4 escalation gaps)[2m > [22m[2mGAP-082 (9th site — checkWaitForSelectorOnce): the timeoutMs<=0 hidden check-once path also distinguishes "could not verify" (unresponsive frame) from "is still visible" (confirmed)[22m[39m
{"timestamp":"2026-09-30T15:02:38.033Z","level":"info","message":"[BrowserActionEngine] Executing action wait_for_selector","context":{"tabId":"tab_1","selector":"#banner"}}

[90mstdout[2m | tests/unit/browser-action-engine.spec.ts[2m > [22m[2m@sutradhar/browser BrowserActionEngine wait_for_selector states (FR2-01, fix-4, audit-4 escalation gaps)[2m > [22m[2mGAP-083: a state=visible timeout where the diagnostic itself times out on every frame says "could not be determined", never the confirmed-negative "No element found"[22m[39m
{"timestamp":"2026-09-30T15:02:38.034Z","level":"info","message":"[BrowserActionEngine] Executing action wait_for_selector","context":{"tabId":"tab_1","selector":"#t"}}

[90mstdout[2m | tests/unit/browser-action-engine.spec.ts[2m > [22m[2m@sutradhar/browser BrowserActionEngine wait_for_selector states (FR2-01, fix-4, audit-4 escalation gaps)[2m > [22m[2mGAP-083: a state=visible timeout where the diagnostic itself times out on every frame says "could not be determined", never the confirmed-negative "No element found"[22m[39m
<empty line>
[90mstderr[2m | tests/unit/browser-action-engine.spec.ts[2m > [22m[2m@sutradhar/browser BrowserActionEngine wait_for_selector states (FR2-01, fix-4, audit-4 escalation gaps)[2m > [22m[2mGAP-083: a state=visible timeout where the diagnostic itself times out on every frame says "could not be determined", never the confirmed-negative "No element found"[22m[39m
{"timestamp":"2026-09-30T15:02:38.358Z","level":"warn","message":"[BrowserActionEngine] Action wait_for_selector failed (attempt 1/1): wait_for_selector timed out after 50ms waiting for state=visible: visibility could not be determined for 1 of 1 frame(s) — they did not respond within the diagnostic's time bound. This does NOT confirm the element is absent; try a larger timeoutMs.","context":{}}
{"timestamp":"2026-09-30T15:02:38.359Z","level":"warn","message":"[BrowserActionEngine] Skipping failure screenshot: tab.page.screenshot is not a function","context":{}}

[90mstdout[2m | tests/unit/browser-action-engine.spec.ts[2m > [22m[2m@sutradhar/browser BrowserActionEngine wait_for_selector states (FR2-01, fix-4, audit-4 escalation gaps)[2m > [22m[2mGAP-084/GAP-087: probing multiple busy frames within a single VISIBLE-state pass now runs in parallel too — mirrors GAP-059's hidden-path fix, which this exact scenario (state:visible) previously did NOT get[22m[39m
{"timestamp":"2026-09-30T15:02:38.359Z","level":"info","message":"[BrowserActionEngine] Executing action wait_for_selector","context":{"tabId":"tab_1","selector":"#spinner"}}

[90mstdout[2m | tests/unit/browser-action-engine.spec.ts[2m > [22m[2m@sutradhar/browser BrowserActionEngine wait_for_selector states (FR2-01, fix-4, audit-4 escalation gaps)[2m > [22m[2mGAP-084/GAP-087: probing multiple busy frames within a single VISIBLE-state pass now runs in parallel too — mirrors GAP-059's hidden-path fix, which this exact scenario (state:visible) previously did NOT get[22m[39m
<empty line>
[90mstderr[2m | tests/unit/browser-action-engine.spec.ts[2m > [22m[2m@sutradhar/browser BrowserActionEngine wait_for_selector states (FR2-01, fix-4, audit-4 escalation gaps)[2m > [22m[2mGAP-084/GAP-087: probing multiple busy frames within a single VISIBLE-state pass now runs in parallel too — mirrors GAP-059's hidden-path fix, which this exact scenario (state:visible) previously did NOT get[22m[39m
{"timestamp":"2026-09-30T15:02:38.624Z","level":"warn","message":"[BrowserActionEngine] Action wait_for_selector failed (attempt 1/1): wait_for_selector timed out after 260ms waiting for state=visible: No element found for selector: #spinner","context":{}}
{"timestamp":"2026-09-30T15:02:38.625Z","level":"warn","message":"[BrowserActionEngine] Skipping failure screenshot: tab.page.screenshot is not a function","context":{}}

[90mstdout[2m | tests/unit/browser-action-engine.spec.ts[2m > [22m[2m@sutradhar/browser BrowserActionEngine wait_for_selector states (FR2-01, fix-4, audit-4 escalation gaps)[2m > [22m[2mGAP-085: the otherVisibleMatches diagnostic reports its own uncertainty instead of a silently-wrong confirmed zero when its per-frame check times out[22m[39m
{"timestamp":"2026-09-30T15:02:38.625Z","level":"info","message":"[BrowserActionEngine] Executing action wait_for_selector","context":{"tabId":"tab_1","selector":"#banner"}}

[90mstdout[2m | tests/unit/browser-action-engine.spec.ts[2m > [22m[2m@sutradhar/browser BrowserActionEngine wait_for_selector states (FR2-01, fix-4, audit-4 escalation gaps)[2m > [22m[2mGAP-086: isHandleVisible is bounded on its own — a handle whose evaluate() never resolves cannot stall a pass past FRAME_PROBE_TIMEOUT_MS[22m[39m
{"timestamp":"2026-09-30T15:02:38.890Z","level":"info","message":"[BrowserActionEngine] Executing action wait_for_selector","context":{"tabId":"tab_1","selector":"#spinner"}}

[90mstdout[2m | tests/unit/browser-action-engine.spec.ts[2m > [22m[2m@sutradhar/browser BrowserActionEngine wait_for_selector states (FR2-01, fix-4, audit-4 escalation gaps)[2m > [22m[2mGAP-086: isHandleVisible is bounded on its own — a handle whose evaluate() never resolves cannot stall a pass past FRAME_PROBE_TIMEOUT_MS[22m[39m
<empty line>
[90mstderr[2m | tests/unit/browser-action-engine.spec.ts[2m > [22m[2m@sutradhar/browser BrowserActionEngine wait_for_selector states (FR2-01, fix-4, audit-4 escalation gaps)[2m > [22m[2mGAP-086: isHandleVisible is bounded on its own — a handle whose evaluate() never resolves cannot stall a pass past FRAME_PROBE_TIMEOUT_MS[22m[39m
{"timestamp":"2026-09-30T15:02:39.140Z","level":"warn","message":"[BrowserActionEngine] Action wait_for_selector failed (attempt 1/1): wait_for_selector timed out after 150ms waiting for state=hidden: could not verify: one or more frames were unresponsive.","context":{}}
{"timestamp":"2026-09-30T15:02:39.140Z","level":"warn","message":"[BrowserActionEngine] Skipping failure screenshot: tab.page.screenshot is not a function","context":{}}

[90mstdout[2m | tests/unit/browser-action-engine.spec.ts[2m > [22m[2m@sutradhar/browser BrowserActionEngine wait_for_selector states (FR2-01, fix-4, audit-4 escalation gaps)[2m > [22m[2mGAP-112 (FR2-01 audit-5/fix-5): a genuine per-frame THROWN error in the visibility diagnosis must say "could not be determined", never the confirmed-negative "No element found" (element genuinely present)[22m[39m
{"timestamp":"2026-09-30T15:02:39.141Z","level":"info","message":"[BrowserActionEngine] Executing action wait_for_selector","context":{"tabId":"tab_1","selector":"#present"}}

[90mstdout[2m | tests/unit/browser-action-engine.spec.ts[2m > [22m[2m@sutradhar/browser BrowserActionEngine wait_for_selector states (FR2-01, fix-4, audit-4 escalation gaps)[2m > [22m[2mGAP-112 (FR2-01 audit-5/fix-5): a genuine per-frame THROWN error in the visibility diagnosis must say "could not be determined", never the confirmed-negative "No element found" (element genuinely present)[22m[39m
<empty line>
[90mstderr[2m | tests/unit/browser-action-engine.spec.ts[2m > [22m[2m@sutradhar/browser BrowserActionEngine wait_for_selector states (FR2-01, fix-4, audit-4 escalation gaps)[2m > [22m[2mGAP-112 (FR2-01 audit-5/fix-5): a genuine per-frame THROWN error in the visibility diagnosis must say "could not be determined", never the confirmed-negative "No element found" (element genuinely present)[22m[39m
{"timestamp":"2026-09-30T15:02:39.295Z","level":"warn","message":"[BrowserActionEngine] Action wait_for_selector failed (attempt 1/1): wait_for_selector timed out after 150ms waiting for state=visible: visibility could not be determined for 1 of 1 frame(s) — they did not respond within the diagnostic's time bound. This does NOT confirm the element is absent; try a larger timeoutMs.","context":{}}
{"timestamp":"2026-09-30T15:02:39.295Z","level":"warn","message":"[BrowserActionEngine] Skipping failure screenshot: tab.page.screenshot is not a function","context":{}}

[90mstdout[2m | tests/unit/browser-action-engine.spec.ts[2m > [22m[2m@sutradhar/browser BrowserActionEngine wait_for_selector states (FR2-01, fix-4, audit-4 escalation gaps)[2m > [22m[2mGAP-113 (FR2-01 audit-5/fix-5): the otherVisibleMatches diagnostic reports its own uncertainty, not a silently-wrong confirmed zero, when its per-frame check THROWS (not just times out)[22m[39m
{"timestamp":"2026-09-30T15:02:39.296Z","level":"info","message":"[BrowserActionEngine] Executing action wait_for_selector","context":{"tabId":"tab_1","selector":"#banner"}}

[90mstdout[2m | tests/unit/browser-action-engine.spec.ts[2m > [22m[2m@sutradhar/browser BrowserActionEngine wait_for_selector states (FR2-01, fix-4, audit-4 escalation gaps)[2m > [22m[2mGAP-115 (FR2-01 audit-5/fix-5): the ATTACHED-state check-once path (timeoutMs<=0) probes multiple busy frames in PARALLEL — firstAnyHandleAnyFrame's own parallelization, previously unguarded by any test (audit-5's mutation X1, reverting it to sequential probing, passed all 141 existing tests)[22m[39m
{"timestamp":"2026-09-30T15:02:39.296Z","level":"info","message":"[BrowserActionEngine] Executing action wait_for_selector","context":{"tabId":"tab_1","selector":"#thing"}}

[90mstdout[2m | tests/unit/browser-action-engine.spec.ts[2m > [22m[2m@sutradhar/browser BrowserActionEngine wait_for_selector states (FR2-01, fix-4, audit-4 escalation gaps)[2m > [22m[2mGAP-115 (FR2-01 audit-5/fix-5): the ATTACHED-state check-once path (timeoutMs<=0) probes multiple busy frames in PARALLEL — firstAnyHandleAnyFrame's own parallelization, previously unguarded by any test (audit-5's mutation X1, reverting it to sequential probing, passed all 141 existing tests)[22m[39m
<empty line>
[90mstderr[2m | tests/unit/browser-action-engine.spec.ts[2m > [22m[2m@sutradhar/browser BrowserActionEngine wait_for_selector states (FR2-01, fix-4, audit-4 escalation gaps)[2m > [22m[2mGAP-115 (FR2-01 audit-5/fix-5): the ATTACHED-state check-once path (timeoutMs<=0) probes multiple busy frames in PARALLEL — firstAnyHandleAnyFrame's own parallelization, previously unguarded by any test (audit-5's mutation X1, reverting it to sequential probing, passed all 141 existing tests)[22m[39m
{"timestamp":"2026-09-30T15:02:39.560Z","level":"warn","message":"[BrowserActionEngine] Action wait_for_selector failed (attempt 1/1): wait_for_selector timed out after 0ms waiting for state=attached: No element found for selector: #thing","context":{}}
{"timestamp":"2026-09-30T15:02:39.560Z","level":"warn","message":"[BrowserActionEngine] Skipping failure screenshot: tab.page.screenshot is not a function","context":{}}

[90mstdout[2m | tests/unit/browser-action-engine.spec.ts[2m > [22m[2m@sutradhar/browser BrowserActionEngine wait_for_selector states (FR2-01 GAP-132-fix, audit-6 gaps)[2m > [22m[2mGAP-132 (pierceFirstMatch, critical): a hidden wait must FAIL, never falsely SUCCEED, when the tab closes mid-probe — even though the underlying error text ("Execution context was destroyed") is IDENTICAL to the text an ordinary in-page navigation also produces[22m[39m
{"timestamp":"2026-09-30T15:02:39.561Z","level":"info","message":"[BrowserActionEngine] Executing action wait_for_selector","context":{"tabId":"tab_1","selector":"#stay"}}

[90mstderr[2m | tests/unit/browser-action-engine.spec.ts[2m > [22m[2m@sutradhar/browser BrowserActionEngine wait_for_selector states (FR2-01 GAP-132-fix, audit-6 gaps)[2m > [22m[2mGAP-132 (pierceFirstMatch, critical): a hidden wait must FAIL, never falsely SUCCEED, when the tab closes mid-probe — even though the underlying error text ("Execution context was destroyed") is IDENTICAL to the text an ordinary in-page navigation also produces[22m[39m
{"timestamp":"2026-09-30T15:02:39.561Z","level":"warn","message":"[BrowserActionEngine] Action wait_for_selector failed (attempt 1/1): wait_for_selector failed waiting for state=hidden: Tab was closed while wait_for_selector was checking its state.","context":{}}
{"timestamp":"2026-09-30T15:02:39.561Z","level":"warn","message":"[BrowserActionEngine] Skipping failure screenshot: tab.page.screenshot is not a function","context":{}}

[90mstdout[2m | tests/unit/browser-action-engine.spec.ts[2m > [22m[2m@sutradhar/browser BrowserActionEngine wait_for_selector states (FR2-01 GAP-132-fix, audit-6 gaps)[2m > [22m[2mGAP-132 (isHandleVisible, critical): a hidden wait must FAIL, never falsely succeed, when the tab closes while checking a MATCHED handle's own visibility[22m[39m
{"timestamp":"2026-09-30T15:02:39.561Z","level":"info","message":"[BrowserActionEngine] Executing action wait_for_selector","context":{"tabId":"tab_1","selector":"#stay"}}

[90mstderr[2m | tests/unit/browser-action-engine.spec.ts[2m > [22m[2m@sutradhar/browser BrowserActionEngine wait_for_selector states (FR2-01 GAP-132-fix, audit-6 gaps)[2m > [22m[2mGAP-132 (isHandleVisible, critical): a hidden wait must FAIL, never falsely succeed, when the tab closes while checking a MATCHED handle's own visibility[22m[39m
{"timestamp":"2026-09-30T15:02:39.561Z","level":"warn","message":"[BrowserActionEngine] Action wait_for_selector failed (attempt 1/1): wait_for_selector failed waiting for state=hidden: Tab was closed while wait_for_selector was checking its state.","context":{}}
{"timestamp":"2026-09-30T15:02:39.562Z","level":"warn","message":"[BrowserActionEngine] Skipping failure screenshot: tab.page.screenshot is not a function","context":{}}

[90mstdout[2m | tests/unit/browser-action-engine.spec.ts[2m > [22m[2m@sutradhar/browser BrowserActionEngine wait_for_selector states (FR2-01 GAP-132-fix, audit-6 gaps)[2m > [22m[2mGAP-132 regression guard: an ordinary in-page navigation (context destroyed, but the TAB itself is NOT closed) must remain the pre-existing recoverable per-frame hiccup, not a new false failure[22m[39m
{"timestamp":"2026-09-30T15:02:39.562Z","level":"info","message":"[BrowserActionEngine] Executing action wait_for_selector","context":{"tabId":"tab_1","selector":"#stay"}}

[90mstdout[2m | tests/unit/browser-action-engine.spec.ts[2m > [22m[2m@sutradhar/browser BrowserActionEngine wait_for_selector states (FR2-01 GAP-132-fix, audit-6 gaps)[2m > [22m[2mGAP-133 (FR2-01 audit-6, major): a visible-wait timeout must not claim "none is visible" when one frame confirms a match but ANOTHER frame never answered the diagnosis[22m[39m
{"timestamp":"2026-09-30T15:02:39.562Z","level":"info","message":"[BrowserActionEngine] Executing action wait_for_selector","context":{"tabId":"tab_1","selector":"#x"}}

[90mstdout[2m | tests/unit/browser-action-engine.spec.ts[2m > [22m[2m@sutradhar/browser BrowserActionEngine wait_for_selector states (FR2-01 GAP-132-fix, audit-6 gaps)[2m > [22m[2mGAP-133 (FR2-01 audit-6, major): a visible-wait timeout must not claim "none is visible" when one frame confirms a match but ANOTHER frame never answered the diagnosis[22m[39m
<empty line>
[90mstderr[2m | tests/unit/browser-action-engine.spec.ts[2m > [22m[2m@sutradhar/browser BrowserActionEngine wait_for_selector states (FR2-01 GAP-132-fix, audit-6 gaps)[2m > [22m[2mGAP-133 (FR2-01 audit-6, major): a visible-wait timeout must not claim "none is visible" when one frame confirms a match but ANOTHER frame never answered the diagnosis[22m[39m
{"timestamp":"2026-09-30T15:02:39.970Z","level":"warn","message":"[BrowserActionEngine] Action wait_for_selector failed (attempt 1/1): wait_for_selector timed out after 150ms waiting for state=visible: 1 element(s) match \"#x\" and are attached to the DOM, but visibility could not be fully determined — 1 of 2 frame(s) did not respond within the diagnostic's time bound. This does NOT confirm none of them is visible; try a larger timeoutMs.","context":{}}
{"timestamp":"2026-09-30T15:02:39.970Z","level":"warn","message":"[BrowserActionEngine] Skipping failure screenshot: tab.page.screenshot is not a function","context":{}}

[90mstdout[2m | tests/unit/browser-action-engine.spec.ts[2m > [22m[2m@sutradhar/browser BrowserActionEngine wait_for_selector states (FR2-01 GAP-132-fix, audit-6 gaps)[2m > [22m[2mGAP-218: with a frame unanswered, the timeout message must not claim "the first match is not visible" from the answered frames alone[22m[39m
{"timestamp":"2026-09-30T15:02:39.970Z","level":"info","message":"[BrowserActionEngine] Executing action wait_for_selector","context":{"tabId":"tab_1","selector":"#x"}}

[90mstdout[2m | tests/unit/browser-action-engine.spec.ts[2m > [22m[2m@sutradhar/browser BrowserActionEngine wait_for_selector states (FR2-01 GAP-132-fix, audit-6 gaps)[2m > [22m[2mGAP-218: with a frame unanswered, the timeout message must not claim "the first match is not visible" from the answered frames alone[22m[39m
<empty line>
[90mstderr[2m | tests/unit/browser-action-engine.spec.ts[2m > [22m[2m@sutradhar/browser BrowserActionEngine wait_for_selector states (FR2-01 GAP-132-fix, audit-6 gaps)[2m > [22m[2mGAP-218: with a frame unanswered, the timeout message must not claim "the first match is not visible" from the answered frames alone[22m[39m
{"timestamp":"2026-09-30T15:02:40.389Z","level":"warn","message":"[BrowserActionEngine] Action wait_for_selector failed (attempt 1/1): wait_for_selector timed out after 150ms waiting for state=visible: 2 element(s) match \"#x\" and are attached to the DOM, but visibility could not be fully determined — 1 of 2 frame(s) did not respond within the diagnostic's time bound. This does NOT confirm none of them is visible; try a larger timeoutMs.","context":{}}
{"timestamp":"2026-09-30T15:02:40.389Z","level":"warn","message":"[BrowserActionEngine] Skipping failure screenshot: tab.page.screenshot is not a function","context":{}}

[90mstdout[2m | tests/unit/browser-action-engine.spec.ts[2m > [22m[2m@sutradhar/browser BrowserActionEngine wait_for_selector states (FR2-01 GAP-132-fix, audit-6 gaps)[2m > [22m[2mGAP-217: a visible-wait timeout diagnosis must report a closed tab, never "No element found", when the tab closes during diagnosis[22m[39m
{"timestamp":"2026-09-30T15:02:40.390Z","level":"info","message":"[BrowserActionEngine] Executing action wait_for_selector","context":{"tabId":"tab_1","selector":"#stay"}}

[90mstdout[2m | tests/unit/browser-action-engine.spec.ts[2m > [22m[2m@sutradhar/browser BrowserActionEngine wait_for_selector states (FR2-01 GAP-132-fix, audit-6 gaps)[2m > [22m[2mGAP-217: a visible-wait timeout diagnosis must report a closed tab, never "No element found", when the tab closes during diagnosis[22m[39m
<empty line>
[90mstderr[2m | tests/unit/browser-action-engine.spec.ts[2m > [22m[2m@sutradhar/browser BrowserActionEngine wait_for_selector states (FR2-01 GAP-132-fix, audit-6 gaps)[2m > [22m[2mGAP-217: a visible-wait timeout diagnosis must report a closed tab, never "No element found", when the tab closes during diagnosis[22m[39m
{"timestamp":"2026-09-30T15:02:40.546Z","level":"warn","message":"[BrowserActionEngine] Action wait_for_selector failed (attempt 1/1): wait_for_selector timed out after 150ms waiting for state=visible: Tab was closed while wait_for_selector was checking its state.","context":{}}
{"timestamp":"2026-09-30T15:02:40.546Z","level":"warn","message":"[BrowserActionEngine] Skipping failure screenshot: tab.page.screenshot is not a function","context":{}}

[90mstdout[2m | tests/unit/browser-action-engine.spec.ts[2m > [22m[2m@sutradhar/browser BrowserActionEngine wait_for_selector states (FR2-01 GAP-132-fix, audit-6 gaps)[2m > [22m[2mGAP-217: a hidden-wait success must not report a confident zero for otherVisibleMatches when a frame errors because the tab closed[22m[39m
{"timestamp":"2026-09-30T15:02:40.547Z","level":"info","message":"[BrowserActionEngine] Executing action wait_for_selector","context":{"tabId":"tab_1","selector":"#gone"}}

[90mstderr[2m | tests/unit/browser-action-engine.spec.ts[2m > [22m[2m@sutradhar/browser BrowserActionEngine FR2-06 caller-selector syntax probe[2m > [22m[2mE1: a probe-confirmed invalid selector fails before dispatch, with no retry and no screenshot[22m[39m
{"timestamp":"2026-09-30T15:02:40.548Z","level":"warn","message":"[BrowserActionEngine] Rejected invalid selector before dispatch: Invalid selector \"div[\" — Failed to execute 'querySelector' on 'DocumentFragment': 'div[' is not a valid selector. Use standard CSS or a snapshot node id (e.g. \"12\"); Puppeteer's pierce/, xpath/, aria/ and text/ prefixes also work for element actions. Playwright-style selectors (text=, role=, >>, :has-text(), getBy*(), internal:) are not supported: to target by visible text or accessible role/name, use click_by_text, click_by_role or type_by_label (CLI: clicktext, clickrole), or take a snapshot and use a node id.","context":{}}

[90mstdout[2m | tests/unit/browser-action-engine.spec.ts[2m > [22m[2m@sutradhar/browser BrowserActionEngine FR2-06 caller-selector syntax probe[2m > [22m[2mE2: a probe-cleared but absent selector goes through the normal retry loop, probing only once[22m[39m
{"timestamp":"2026-09-30T15:02:40.548Z","level":"info","message":"[BrowserActionEngine] Executing action click","context":{"tabId":"tab_1","selector":"#nope"}}

[90mstderr[2m | tests/unit/browser-action-engine.spec.ts[2m > [22m[2m@sutradhar/browser BrowserActionEngine FR2-06 caller-selector syntax probe[2m > [22m[2mE2: a probe-cleared but absent selector goes through the normal retry loop, probing only once[22m[39m
{"timestamp":"2026-09-30T15:02:40.549Z","level":"warn","message":"[BrowserActionEngine] Action click failed (attempt 1/3): No visible element found for selector: #nope","context":{}}

[90mstdout[2m | tests/unit/browser-action-engine.spec.ts[2m > [22m[2m@sutradhar/browser BrowserActionEngine FR2-06 caller-selector syntax probe[2m > [22m[2mE2: a probe-cleared but absent selector goes through the normal retry loop, probing only once[22m[39m
<empty line>
[90mstderr[2m | tests/unit/browser-action-engine.spec.ts[2m > [22m[2m@sutradhar/browser BrowserActionEngine FR2-06 caller-selector syntax probe[2m > [22m[2mE2: a probe-cleared but absent selector goes through the normal retry loop, probing only once[22m[39m
{"timestamp":"2026-09-30T15:02:41.061Z","level":"warn","message":"[BrowserActionEngine] Action click failed (attempt 2/3): No visible element found for selector: #nope","context":{}}

[90mstdout[2m | tests/unit/browser-action-engine.spec.ts[2m > [22m[2m@sutradhar/browser BrowserActionEngine FR2-06 caller-selector syntax probe[2m > [22m[2mE2: a probe-cleared but absent selector goes through the normal retry loop, probing only once[22m[39m
<empty line>
[90mstderr[2m | tests/unit/browser-action-engine.spec.ts[2m > [22m[2m@sutradhar/browser BrowserActionEngine FR2-06 caller-selector syntax probe[2m > [22m[2mE2: a probe-cleared but absent selector goes through the normal retry loop, probing only once[22m[39m
{"timestamp":"2026-09-30T15:02:42.070Z","level":"warn","message":"[BrowserActionEngine] Action click failed (attempt 3/3): No visible element found for selector: #nope","context":{}}

[90mstdout[2m | tests/unit/browser-action-engine.spec.ts[2m > [22m[2m@sutradhar/browser BrowserActionEngine FR2-06 caller-selector syntax probe[2m > [22m[2mE3: a probe-cleared, present selector clicks successfully[22m[39m
{"timestamp":"2026-09-30T15:02:42.070Z","level":"info","message":"[BrowserActionEngine] Executing action click","context":{"tabId":"tab_1","selector":"#ok"}}

[90mstdout[2m | tests/unit/browser-action-engine.spec.ts[2m > [22m[2m@sutradhar/browser BrowserActionEngine FR2-06 caller-selector syntax probe[2m > [22m[2mE4: an inconclusive probe (rejection) lets the action succeed normally[22m[39m
{"timestamp":"2026-09-30T15:02:42.071Z","level":"info","message":"[BrowserActionEngine] Executing action click","context":{"tabId":"tab_1","selector":"#ok"}}

[90mstdout[2m | tests/unit/browser-action-engine.spec.ts[2m > [22m[2m@sutradhar/browser BrowserActionEngine FR2-06 caller-selector syntax probe[2m > [22m[2mE5: a probe that never resolves is bounded, and the action still succeeds[22m[39m
{"timestamp":"2026-09-30T15:02:42.587Z","level":"info","message":"[BrowserActionEngine] Executing action click","context":{"tabId":"tab_1","selector":"#ok"}}

[90mstdout[2m | tests/unit/browser-action-engine.spec.ts[2m > [22m[2m@sutradhar/browser BrowserActionEngine FR2-06 caller-selector syntax probe[2m > [22m[2mE6: the probe is skipped for node ids, aria/text prefixes, engine-built selectors, non-selector actions, and a pending dialog[22m[39m
{"timestamp":"2026-09-30T15:02:42.587Z","level":"info","message":"[BrowserActionEngine] Executing action click","context":{"tabId":"tab_1","selector":"[data-sd-node-id=\"12\"]"}}
{"timestamp":"2026-09-30T15:02:42.588Z","level":"info","message":"[BrowserActionEngine] Executing action click","context":{"tabId":"tab_1","selector":"aria/Submit[role=\"button\"]"}}
{"timestamp":"2026-09-30T15:02:42.588Z","level":"info","message":"[BrowserActionEngine] Executing action click","context":{"tabId":"tab_1","selector":"text/Hi"}}
{"timestamp":"2026-09-30T15:02:42.588Z","level":"info","message":"[BrowserActionEngine] Executing action click_by_text","context":{"tabId":"tab_1","text":"text=Submit"}}
{"timestamp":"2026-09-30T15:02:42.588Z","level":"info","message":"[BrowserActionEngine] Executing action click_by_role","context":{"tabId":"tab_1"}}
{"timestamp":"2026-09-30T15:02:42.588Z","level":"info","message":"[BrowserActionEngine] Executing action type_by_label","context":{"tabId":"tab_1"}}
{"timestamp":"2026-09-30T15:02:42.588Z","level":"info","message":"[BrowserActionEngine] Executing action press_key","context":{"tabId":"tab_1"}}
{"timestamp":"2026-09-30T15:02:42.589Z","level":"info","message":"[BrowserActionEngine] Executing action scroll","context":{"tabId":"tab_1"}}
{"timestamp":"2026-09-30T15:02:42.590Z","level":"info","message":"[BrowserActionEngine] Executing action click","context":{"tabId":"tab_1","selector":"div["}}

[90mstderr[2m | tests/unit/browser-action-engine.spec.ts[2m > [22m[2m@sutradhar/browser BrowserActionEngine FR2-06 caller-selector syntax probe[2m > [22m[2mE6: the probe is skipped for node ids, aria/text prefixes, engine-built selectors, non-selector actions, and a pending dialog[22m[39m
{"timestamp":"2026-09-30T15:02:42.588Z","level":"warn","message":"[BrowserActionEngine] Action click failed (attempt 1/1): page.evaluate is not a function","context":{}}
{"timestamp":"2026-09-30T15:02:42.588Z","level":"warn","message":"[BrowserActionEngine] Action click failed (attempt 1/1): No visible element found for selector: aria/Submit[role=\"button\"]","context":{}}
{"timestamp":"2026-09-30T15:02:42.588Z","level":"warn","message":"[BrowserActionEngine] Action click failed (attempt 1/1): No visible element found for selector: text/Hi","context":{}}
{"timestamp":"2026-09-30T15:02:42.588Z","level":"warn","message":"[BrowserActionEngine] Action click_by_text failed (attempt 1/1): No element found containing text: text=Submit","context":{}}
{"timestamp":"2026-09-30T15:02:42.588Z","level":"warn","message":"[BrowserActionEngine] Action click_by_role failed (attempt 1/1): No visible element found with role \"button\" and accessible name \"Go >> now\"","context":{}}
{"timestamp":"2026-09-30T15:02:42.588Z","level":"warn","message":"[BrowserActionEngine] Action type_by_label failed (attempt 1/1): No input found matching label: Notes >> x","context":{}}
{"timestamp":"2026-09-30T15:02:42.589Z","level":"warn","message":"[BrowserActionEngine] Action press_key failed (attempt 1/1): Cannot read properties of undefined (reading 'press')","context":{}}
{"timestamp":"2026-09-30T15:02:42.589Z","level":"warn","message":"[BrowserActionEngine] Action scroll failed (attempt 1/1): page.evaluate is not a function","context":{}}
{"timestamp":"2026-09-30T15:02:42.590Z","level":"warn","message":"[BrowserActionEngine] Action click failed (attempt 1/1): No visible element found for selector: div[","context":{}}

[90mstdout[2m | tests/unit/browser-action-engine.spec.ts[2m > [22m[2m@sutradhar/browser BrowserActionEngine FR2-06 caller-selector syntax probe[2m > [22m[2mE7: the probe passes xpath// as xpath and pierce/ payload as css[22m[39m
{"timestamp":"2026-09-30T15:02:42.590Z","level":"info","message":"[BrowserActionEngine] Executing action click","context":{"tabId":"tab_1","selector":"xpath//["}}
{"timestamp":"2026-09-30T15:02:42.590Z","level":"info","message":"[BrowserActionEngine] Executing action click","context":{"tabId":"tab_1","selector":"pierce/#x"}}

[90mstderr[2m | tests/unit/browser-action-engine.spec.ts[2m > [22m[2m@sutradhar/browser BrowserActionEngine FR2-06 caller-selector syntax probe[2m > [22m[2mE7: the probe passes xpath// as xpath and pierce/ payload as css[22m[39m
{"timestamp":"2026-09-30T15:02:42.590Z","level":"warn","message":"[BrowserActionEngine] Action click failed (attempt 1/1): No visible element found for selector: xpath//[","context":{}}
{"timestamp":"2026-09-30T15:02:42.590Z","level":"warn","message":"[BrowserActionEngine] Action click failed (attempt 1/1): No visible element found for selector: pierce/#x","context":{}}

[90mstderr[2m | tests/unit/browser-action-engine.spec.ts[2m > [22m[2m@sutradhar/browser BrowserActionEngine FR2-06 caller-selector syntax probe[2m > [22m[2mE8: drag_and_drop probes both selectors and names the invalid target[22m[39m
{"timestamp":"2026-09-30T15:02:42.591Z","level":"warn","message":"[BrowserActionEngine] Rejected invalid selector before dispatch: Invalid selector \"div[\" — 'div[' is not a valid selector. Use standard CSS or a snapshot node id (e.g. \"12\"); Puppeteer's pierce/, xpath/, aria/ and text/ prefixes also work for element actions. Playwright-style selectors (text=, role=, >>, :has-text(), getBy*(), internal:) are not supported: to target by visible text or accessible role/name, use click_by_text, click_by_role or type_by_label (CLI: clicktext, clickrole), or take a snapshot and use a node id.","context":{}}

[90mstdout[2m | tests/unit/browser-action-engine.spec.ts[2m > [22m[2m@sutradhar/browser BrowserActionEngine FR2-06 caller-selector syntax probe[2m > [22m[2mE9: toPuppeteerQuery passthrough never double-prefixes an already-prefixed caller selector[22m[39m
{"timestamp":"2026-09-30T15:02:42.591Z","level":"info","message":"[BrowserActionEngine] Executing action click","context":{"tabId":"tab_1","selector":"xpath///button"}}
{"timestamp":"2026-09-30T15:02:42.591Z","level":"info","message":"[BrowserActionEngine] Executing action click","context":{"tabId":"tab_1","selector":"pierce/#x"}}
{"timestamp":"2026-09-30T15:02:42.591Z","level":"info","message":"[BrowserActionEngine] Executing action click","context":{"tabId":"tab_1","selector":"#x"}}
{"timestamp":"2026-09-30T15:02:42.591Z","level":"info","message":"[BrowserActionEngine] Executing action type","context":{"tabId":"tab_1","selector":"aria/Name[role=\"textbox\"]"}}

[90mstderr[2m | tests/unit/browser-action-engine.spec.ts[2m > [22m[2m@sutradhar/browser BrowserActionEngine FR2-06 caller-selector syntax probe[2m > [22m[2mE9: toPuppeteerQuery passthrough never double-prefixes an already-prefixed caller selector[22m[39m
{"timestamp":"2026-09-30T15:02:42.591Z","level":"warn","message":"[BrowserActionEngine] Action click failed (attempt 1/1): No visible element found for selector: xpath///button","context":{}}
{"timestamp":"2026-09-30T15:02:42.591Z","level":"warn","message":"[BrowserActionEngine] Action click failed (attempt 1/1): No visible element found for selector: pierce/#x","context":{}}
{"timestamp":"2026-09-30T15:02:42.591Z","level":"warn","message":"[BrowserActionEngine] Action click failed (attempt 1/1): No visible element found for selector: #x","context":{}}
{"timestamp":"2026-09-30T15:02:42.591Z","level":"warn","message":"[BrowserActionEngine] Action type failed (attempt 1/1): No element found for selector: aria/Name[role=\"textbox\"]","context":{}}

[90mstdout[2m | tests/unit/browser-action-engine.spec.ts[2m > [22m[2m@sutradhar/browser BrowserActionEngine FR2-06 caller-selector syntax probe[2m > [22m[2mE10: a syntax-error dispatch failure (probe inconclusive, browser itself rejects) stops the retry loop immediately[22m[39m
{"timestamp":"2026-09-30T15:02:42.591Z","level":"info","message":"[BrowserActionEngine] Executing action wait_for_selector","context":{"tabId":"tab_1","selector":"div["}}

[90mstderr[2m | tests/unit/browser-action-engine.spec.ts[2m > [22m[2m@sutradhar/browser BrowserActionEngine FR2-06 caller-selector syntax probe[2m > [22m[2mE10: a syntax-error dispatch failure (probe inconclusive, browser itself rejects) stops the retry loop immediately[22m[39m
{"timestamp":"2026-09-30T15:02:42.591Z","level":"warn","message":"[BrowserActionEngine] Action wait_for_selector failed (attempt 1/3): 'div[' is not a valid selector.","context":{}}

[90mstderr[2m | tests/unit/browser-action-engine.spec.ts[2m > [22m[2m@sutradhar/browser BrowserActionEngine FR2-06 caller-selector syntax probe[2m > [22m[2mE11: the duplicate-action guard never masks a rejected-selector result on a repeat dispatch[22m[39m
{"timestamp":"2026-09-30T15:02:42.591Z","level":"warn","message":"[BrowserActionEngine] Rejected invalid selector before dispatch: Invalid selector \"div[\" — 'div[' is not a valid selector. Use standard CSS or a snapshot node id (e.g. \"12\"); Puppeteer's pierce/, xpath/, aria/ and text/ prefixes also work for element actions. Playwright-style selectors (text=, role=, >>, :has-text(), getBy*(), internal:) are not supported: to target by visible text or accessible role/name, use click_by_text, click_by_role or type_by_label (CLI: clicktext, clickrole), or take a snapshot and use a node id.","context":{}}
{"timestamp":"2026-09-30T15:02:42.591Z","level":"warn","message":"[BrowserActionEngine] Rejected invalid selector before dispatch: Invalid selector \"div[\" — 'div[' is not a valid selector. Use standard CSS or a snapshot node id (e.g. \"12\"); Puppeteer's pierce/, xpath/, aria/ and text/ prefixes also work for element actions. Playwright-style selectors (text=, role=, >>, :has-text(), getBy*(), internal:) are not supported: to target by visible text or accessible role/name, use click_by_text, click_by_role or type_by_label (CLI: clicktext, clickrole), or take a snapshot and use a node id.","context":{}}

[90mstdout[2m | tests/unit/browser-action-engine.spec.ts[2m > [22m[2m@sutradhar/browser BrowserActionEngine FR2-07 built-in post-conditions[2m > [22m[2mE1: press_key on a page with no mainFrame is unverifiable with a specific reason, presses once, and adds no delay[22m[39m
{"timestamp":"2026-09-30T15:02:42.592Z","level":"info","message":"[BrowserActionEngine] Executing action press_key","context":{"tabId":"tab_1"}}

[90mstdout[2m | tests/unit/browser-action-engine.spec.ts[2m > [22m[2m@sutradhar/browser BrowserActionEngine FR2-07 built-in post-conditions[2m > [22m[2mE2: press_key with a delivered key whose value changed is verified, with the three stable checks[22m[39m
{"timestamp":"2026-09-30T15:02:42.592Z","level":"info","message":"[BrowserActionEngine] Executing action press_key","context":{"tabId":"tab_1"}}

[90mstdout[2m | tests/unit/browser-action-engine.spec.ts[2m > [22m[2m@sutradhar/browser BrowserActionEngine FR2-07 built-in post-conditions[2m > [22m[2mE3: a key that was delivered but changed nothing is contradicted at 0.09, success stays true, and the key is pressed ONCE (no retry)[22m[39m
{"timestamp":"2026-09-30T15:02:42.592Z","level":"info","message":"[BrowserActionEngine] Executing action press_key","context":{"tabId":"tab_1"}}

[90mstdout[2m | tests/unit/browser-action-engine.spec.ts[2m > [22m[2m@sutradhar/browser BrowserActionEngine FR2-07 built-in post-conditions[2m > [22m[2mE4: nothing focused (body) is unverifiable: "no element had focus"[22m[39m
{"timestamp":"2026-09-30T15:02:42.593Z","level":"info","message":"[BrowserActionEngine] Executing action press_key","context":{"tabId":"tab_1"}}

[90mstdout[2m | tests/unit/browser-action-engine.spec.ts[2m > [22m[2m@sutradhar/browser BrowserActionEngine FR2-07 built-in post-conditions[2m > [22m[2mE5: a context-destroyed read after the press means the page navigated: verified[22m[39m
{"timestamp":"2026-09-30T15:02:42.593Z","level":"info","message":"[BrowserActionEngine] Executing action press_key","context":{"tabId":"tab_1"}}

[90mstdout[2m | tests/unit/browser-action-engine.spec.ts[2m > [22m[2m@sutradhar/browser BrowserActionEngine FR2-07 built-in post-conditions[2m > [22m[2mE6: a read that never resolves is bounded (monotonic clock) and reported not-run, and a pending dialog is named[22m[39m
{"timestamp":"2026-09-30T15:02:42.593Z","level":"info","message":"[BrowserActionEngine] Executing action press_key","context":{"tabId":"tab_1"}}

[90mstdout[2m | tests/unit/browser-action-engine.spec.ts[2m > [22m[2m@sutradhar/browser BrowserActionEngine FR2-07 built-in post-conditions[2m > [22m[2mE6: a read that never resolves is bounded (monotonic clock) and reported not-run, and a pending dialog is named[22m[39m
{"timestamp":"2026-09-30T15:02:44.094Z","level":"info","message":"[BrowserActionEngine] Executing action press_key","context":{"tabId":"tab_1"}}

[90mstdout[2m | tests/unit/browser-action-engine.spec.ts[2m > [22m[2m@sutradhar/browser BrowserActionEngine FR2-07 built-in post-conditions[2m > [22m[2mE7: press_key observation never calls page.evaluate (only frame evaluate)[22m[39m
{"timestamp":"2026-09-30T15:02:44.095Z","level":"info","message":"[BrowserActionEngine] Executing action press_key","context":{"tabId":"tab_1"}}

[90mstdout[2m | tests/unit/browser-action-engine.spec.ts[2m > [22m[2m@sutradhar/browser BrowserActionEngine FR2-07 built-in post-conditions[2m > [22m[2mE8: focus is verified when the element is its own document's activeElement, contradicted (no retry) when it is not[22m[39m
{"timestamp":"2026-09-30T15:02:44.095Z","level":"info","message":"[BrowserActionEngine] Executing action focus","context":{"tabId":"tab_1","selector":"#a"}}
{"timestamp":"2026-09-30T15:02:44.095Z","level":"info","message":"[BrowserActionEngine] Executing action focus","context":{"tabId":"tab_1","selector":"#x"}}

[90mstdout[2m | tests/unit/browser-action-engine.spec.ts[2m > [22m[2m@sutradhar/browser BrowserActionEngine FR2-07 built-in post-conditions[2m > [22m[2mE9: touch_tap is verified when a trusted event arrived, contradicted (occluded) when not; tap runs once[22m[39m
{"timestamp":"2026-09-30T15:02:44.096Z","level":"info","message":"[BrowserActionEngine] Executing action touch_tap","context":{"tabId":"tab_1","selector":"#t"}}
{"timestamp":"2026-09-30T15:02:44.096Z","level":"info","message":"[BrowserActionEngine] Executing action touch_tap","context":{"tabId":"tab_1","selector":"#t"}}

[90mstdout[2m | tests/unit/browser-action-engine.spec.ts[2m > [22m[2m@sutradhar/browser BrowserActionEngine FR2-07 built-in post-conditions[2m > [22m[2mE10: download_file evidence (real files in a temp dir)[2m > [22m[2ma real 10-byte file is verified and its size is reported[22m[39m
{"timestamp":"2026-09-30T15:02:44.097Z","level":"info","message":"[BrowserActionEngine] Executing action download_file","context":{"tabId":"tab_1","selector":"#dl"}}

[90mstdout[2m | tests/unit/browser-action-engine.spec.ts[2m > [22m[2m@sutradhar/browser BrowserActionEngine FR2-07 built-in post-conditions[2m > [22m[2mE10: download_file evidence (real files in a temp dir)[2m > [22m[2ma 0-byte file is contradicted, success stays true[22m[39m
{"timestamp":"2026-09-30T15:02:44.122Z","level":"info","message":"[BrowserActionEngine] Executing action download_file","context":{"tabId":"tab_1","selector":"#dl"}}

[90mstdout[2m | tests/unit/browser-action-engine.spec.ts[2m > [22m[2m@sutradhar/browser BrowserActionEngine FR2-07 built-in post-conditions[2m > [22m[2mE10: download_file evidence (real files in a temp dir)[2m > [22m[2ma missing file is contradicted[22m[39m
{"timestamp":"2026-09-30T15:02:44.144Z","level":"info","message":"[BrowserActionEngine] Executing action download_file","context":{"tabId":"tab_1","selector":"#dl"}}

[90mstdout[2m | tests/unit/browser-action-engine.spec.ts[2m > [22m[2m@sutradhar/browser BrowserActionEngine FR2-07 built-in post-conditions[2m > [22m[2mE10: download_file evidence (real files in a temp dir)[2m > [22m[2ma stale (one hour old) file is contradicted: "predates"[22m[39m
{"timestamp":"2026-09-30T15:02:44.167Z","level":"info","message":"[BrowserActionEngine] Executing action download_file","context":{"tabId":"tab_1","selector":"#dl"}}

[90mstdout[2m | tests/unit/browser-action-engine.spec.ts[2m > [22m[2m@sutradhar/browser BrowserActionEngine FR2-07 built-in post-conditions[2m > [22m[2mE10: download_file evidence (real files in a temp dir)[2m > [22m[2ma remote browser endpoint is unverifiable, never a false pass or fail[22m[39m
{"timestamp":"2026-09-30T15:02:44.193Z","level":"info","message":"[BrowserActionEngine] Executing action download_file","context":{"tabId":"tab_1","selector":"#dl"}}

[90mstdout[2m | tests/unit/browser-action-engine.spec.ts[2m > [22m[2m@sutradhar/browser BrowserActionEngine FR2-07 built-in post-conditions[2m > [22m[2mE11: wait_for_selector evidence comes from its own output: visible verified, a vacuous hidden (typo) unverifiable[22m[39m
{"timestamp":"2026-09-30T15:02:44.215Z","level":"info","message":"[BrowserActionEngine] Executing action wait_for_selector","context":{"tabId":"tab_1","selector":"#t"}}
{"timestamp":"2026-09-30T15:02:44.216Z","level":"info","message":"[BrowserActionEngine] Executing action wait_for_selector","context":{"tabId":"tab_1","selector":"#typo"}}

[90mstdout[2m | tests/unit/browser-action-engine.spec.ts[2m > [22m[2m@sutradhar/browser BrowserActionEngine FR2-07 built-in post-conditions[2m > [22m[2mE12: take_screenshot: a valid PNG is unverifiable-by-design with png-well-formed pass; garbage is contradicted[22m[39m
{"timestamp":"2026-09-30T15:02:44.216Z","level":"info","message":"[BrowserActionEngine] Executing action take_screenshot","context":{"tabId":"tab_1"}}
{"timestamp":"2026-09-30T15:02:44.216Z","level":"info","message":"[BrowserActionEngine] Executing action take_screenshot","context":{"tabId":"tab_1"}}

[90mstdout[2m | tests/unit/browser-action-engine.spec.ts[2m > [22m[2m@sutradhar/browser BrowserActionEngine FR2-07 built-in post-conditions[2m > [22m[2mE13: navigate identity via CDP (loaderId + history)[2m > [22m[2ma changed loader is verified; an unchanged loader at an unchanged URL is contradicted; a 404 is contradicted[22m[39m
{"timestamp":"2026-09-30T15:02:44.216Z","level":"info","message":"[BrowserActionEngine] Executing action navigate","context":{"tabId":"tab_1","url":"https://example.com/next"}}
{"timestamp":"2026-09-30T15:02:44.217Z","level":"info","message":"[BrowserActionEngine] Executing action navigate","context":{"tabId":"tab_1","url":"https://example.com/other"}}
{"timestamp":"2026-09-30T15:02:44.217Z","level":"info","message":"[BrowserActionEngine] Executing action navigate","context":{"tabId":"tab_1","url":"https://example.com/missing"}}

[90mstdout[2m | tests/unit/browser-action-engine.spec.ts[2m > [22m[2m@sutradhar/browser BrowserActionEngine FR2-07 built-in post-conditions[2m > [22m[2mE13: navigate identity via CDP (loaderId + history)[2m > [22m[2ma page with no CDP session is unverifiable: baseline could not be captured[22m[39m
{"timestamp":"2026-09-30T15:02:44.217Z","level":"info","message":"[BrowserActionEngine] Executing action navigate","context":{"tabId":"tab_1","url":"https://example.com/x"}}

[90mstdout[2m | tests/unit/browser-action-engine.spec.ts[2m > [22m[2m@sutradhar/browser BrowserActionEngine FR2-07 built-in post-conditions[2m > [22m[2mE14: the duplicate-guard rejection carries an action-failed verification[22m[39m
{"timestamp":"2026-09-30T15:02:44.217Z","level":"info","message":"[BrowserActionEngine] Executing action click","context":{"tabId":"tab_1","selector":"#dup"}}

[90mstderr[2m | tests/unit/browser-action-engine.spec.ts[2m > [22m[2m@sutradhar/browser BrowserActionEngine FR2-07 built-in post-conditions[2m > [22m[2mE14: the duplicate-guard rejection carries an action-failed verification[22m[39m
{"timestamp":"2026-09-30T15:02:44.217Z","level":"warn","message":"[BrowserActionEngine] Action click failed (attempt 1/1): No visible element found for selector: #dup","context":{}}
{"timestamp":"2026-09-30T15:02:44.218Z","level":"warn","message":"[BrowserActionEngine] Skipping failure screenshot: tab.page.screenshot is not a function","context":{}}

[90mstdout[2m | tests/unit/browser-action-engine.spec.ts[2m > [22m[2m@sutradhar/browser BrowserActionEngine FR2-07 built-in post-conditions[2m > [22m[2mE15: verificationSpec flows through the success path: a self-verifying click with shouldUrlChange:false and an unchanged URL is verified with expect.urlChanged pass[22m[39m
{"timestamp":"2026-09-30T15:02:44.218Z","level":"info","message":"[BrowserActionEngine] Executing action click","context":{"tabId":"tab_1","selector":"#b"}}

[90mstdout[2m | tests/unit/browser-action-engine.spec.ts[2m > [22m[2m@sutradhar/browser BrowserActionEngine FR2-07 built-in post-conditions[2m > [22m[2mE16: every verification produced above survives a JSON round trip unchanged[22m[39m
{"timestamp":"2026-09-30T15:02:44.218Z","level":"info","message":"[BrowserActionEngine] Executing action press_key","context":{"tabId":"tab_1"}}
{"timestamp":"2026-09-30T15:02:44.218Z","level":"info","message":"[BrowserActionEngine] Executing action click","context":{"tabId":"tab_1","selector":"#z"}}

[90mstderr[2m | tests/unit/browser-action-engine.spec.ts[2m > [22m[2m@sutradhar/browser BrowserActionEngine FR2-07 built-in post-conditions[2m > [22m[2mE16: every verification produced above survives a JSON round trip unchanged[22m[39m
{"timestamp":"2026-09-30T15:02:44.218Z","level":"warn","message":"[BrowserActionEngine] Action click failed (attempt 1/1): No visible element found for selector: #z","context":{}}
{"timestamp":"2026-09-30T15:02:44.218Z","level":"warn","message":"[BrowserActionEngine] Skipping failure screenshot: tab.page.screenshot is not a function","context":{}}

[90mstdout[2m | tests/unit/browser-action-engine.spec.ts[2m > [22m[2m@sutradhar/browser BrowserActionEngine FR2-11 history entries[2m > [22m[2mE1: a successful press_key records target, url and a verification object[22m[39m
{"timestamp":"2026-09-30T15:02:44.218Z","level":"info","message":"[BrowserActionEngine] Executing action press_key","context":{"tabId":"tab_1"}}

[90mstdout[2m | tests/unit/browser-action-engine.spec.ts[2m > [22m[2m@sutradhar/browser BrowserActionEngine FR2-11 history entries[2m > [22m[2mE2: a failed click records selector, error and verification[22m[39m
{"timestamp":"2026-09-30T15:02:44.228Z","level":"info","message":"[BrowserActionEngine] Executing action click","context":{"tabId":"tab_1","selector":"#does-not-exist"}}

[90mstderr[2m | tests/unit/browser-action-engine.spec.ts[2m > [22m[2m@sutradhar/browser BrowserActionEngine FR2-11 history entries[2m > [22m[2mE2: a failed click records selector, error and verification[22m[39m
{"timestamp":"2026-09-30T15:02:44.228Z","level":"warn","message":"[BrowserActionEngine] Action click failed (attempt 1/1): No visible element found for selector: #does-not-exist","context":{}}
{"timestamp":"2026-09-30T15:02:44.228Z","level":"warn","message":"[BrowserActionEngine] Skipping failure screenshot: tab.page.screenshot is not a function","context":{}}

[90mstdout[2m | tests/unit/browser-action-engine.spec.ts[2m > [22m[2m@sutradhar/browser BrowserActionEngine FR2-11 history entries[2m > [22m[2mE3: typed text never reaches the history, on success[22m[39m
{"timestamp":"2026-09-30T15:02:44.230Z","level":"info","message":"[BrowserActionEngine] Executing action type","context":{"tabId":"tab_1","selector":"#pw"}}

[90mstdout[2m | tests/unit/browser-action-engine.spec.ts[2m > [22m[2m@sutradhar/browser BrowserActionEngine FR2-11 history entries[2m > [22m[2mE3b: typed text and the field content never reach the history on a "did not land" failure (the engine error quotes both)[22m[39m
{"timestamp":"2026-09-30T15:02:44.230Z","level":"info","message":"[BrowserActionEngine] Executing action type","context":{"tabId":"tab_1","selector":"#pw"}}

[90mstderr[2m | tests/unit/browser-action-engine.spec.ts[2m > [22m[2m@sutradhar/browser BrowserActionEngine FR2-11 history entries[2m > [22m[2mE3b: typed text and the field content never reach the history on a "did not land" failure (the engine error quotes both)[22m[39m
{"timestamp":"2026-09-30T15:02:44.232Z","level":"warn","message":"[BrowserActionEngine] Action type failed (attempt 1/1): type did not land the expected value — expected \"hunter2-SECRET\", but the element's real content reads \"other-content-XYZ\" even after a native-setter repair attempt. The page may be intercepting/resetting input in a way neither path could overcome.","context":{}}
{"timestamp":"2026-09-30T15:02:44.232Z","level":"warn","message":"[BrowserActionEngine] Skipping failure screenshot: tab.page.screenshot is not a function","context":{}}

[90mstdout[2m | tests/unit/browser-action-engine.spec.ts[2m > [22m[2m@sutradhar/browser BrowserActionEngine FR2-11 history entries[2m > [22m[2mE4: a duplicate-guard rejection is recorded as a failure with the returned error[22m[39m
{"timestamp":"2026-09-30T15:02:44.233Z","level":"info","message":"[BrowserActionEngine] Executing action click","context":{"tabId":"tab_1","selector":"#submit"}}

[90mstdout[2m | tests/unit/browser-action-engine.spec.ts[2m > [22m[2m@sutradhar/browser BrowserActionEngine FR2-11 history entries[2m > [22m[2mE7: the URL stored on an engine entry is the tab url as given, and the entry is a plain (unsanitized-by-engine) record the TAB sanitizes[22m[39m
{"timestamp":"2026-09-30T15:02:44.234Z","level":"info","message":"[BrowserActionEngine] Executing action press_key","context":{"tabId":"tab_1"}}

 [33m❯[39m tests/unit/browser-action-engine.spec.ts [2m ([22m[2m209 tests[22m [2m|[22m [31m6 failed[39m[2m)[22m[33m 24382[2mms[22m[39m
[31m   [33m❯[31m tests/unit/browser-action-engine.spec.ts[2m > [22m@sutradhar/browser BrowserActionEngine FR2-11 history entries[2m > [22mE1: a successful press_key records target, url and a verification object[39m
[31m     → expected { actionType: 'press_key', …(4) } to match object { actionType: 'press_key', …(3) }
(3 matching properties omitted from actual)[39m
[31m   [33m❯[31m tests/unit/browser-action-engine.spec.ts[2m > [22m@sutradhar/browser BrowserActionEngine FR2-11 history entries[2m > [22mE2: a failed click records selector, error and verification[39m
[31m     → expected undefined to deeply equal { verified: false, …(5) }[39m
[31m   [33m❯[31m tests/unit/browser-action-engine.spec.ts[2m > [22m@sutradhar/browser BrowserActionEngine FR2-11 history entries[2m > [22mE3b: typed text and the field content never reach the history on a "did not land" failure (the engine error quotes both)[39m
[31m     → expected '[{"actionType":"type","selector":"#pw…' not to contain 'hunter2-SECRET'[39m
[31m   [33m❯[31m tests/unit/browser-action-engine.spec.ts[2m > [22m@sutradhar/browser BrowserActionEngine FR2-11 history entries[2m > [22mE4: a duplicate-guard rejection is recorded as a failure with the returned error[39m
[31m     → expected [ { actionType: 'click', …(4) } ] to have a length of 2 but got 1[39m
[31m   [33m❯[31m tests/unit/browser-action-engine.spec.ts[2m > [22m@sutradhar/browser BrowserActionEngine FR2-11 history entries[2m > [22mE5: an invalid timeoutMs early return is recorded as a failure[39m
[31m     → expected [] to have a length of 1 but got +0[39m
[31m   [33m❯[31m tests/unit/browser-action-engine.spec.ts[2m > [22m@sutradhar/browser BrowserActionEngine FR2-11 history entries[2m > [22mE7: the URL stored on an engine entry is the tab url as given, and the entry is a plain (unsanitized-by-engine) record the TAB sanitizes[39m
[31m     → expected undefined to be 'https://example.com/p?token=SECRET#f' // Object.is equality[39m

[31m⎯⎯⎯⎯⎯⎯[1m[7m Failed Tests 35 [27m[22m⎯⎯⎯⎯⎯⎯⎯[39m

[31m[1m[7m FAIL [27m[22m[39m tests/unit/action-history.spec.ts[2m > [22mFR2-11 redactHistoryUrl (H1, H2)[2m > [22mH1: drops query and fragment
[31m[1mTypeError[22m: redactHistoryUrl is not a function[39m
[36m [2m❯[22m tests/unit/action-history.spec.ts:[2m26:12[22m[39m
    [90m 24| [39m[34mdescribe[39m([32m'FR2-11 redactHistoryUrl (H1, H2)'[39m[33m,[39m () [33m=>[39m {
    [90m 25| [39m  [34mit[39m([32m'H1: drops query and fragment'[39m[33m,[39m () [33m=>[39m {
    [90m 26| [39m    [34mexpect[39m([34mredactHistoryUrl[39m([32m'https://a.test/p/x?token=S#frag'[39m))[33m.[39m[34mtoBe[39m([32m'[39m…
    [90m   | [39m           [31m^[39m
    [90m 27| [39m  })[33m;[39m
    [90m 28| [39m  [34mit[39m([32m'H2: scheme table'[39m[33m,[39m () [33m=>[39m {

[31m[2m⎯⎯⎯⎯⎯⎯⎯⎯⎯⎯⎯⎯⎯⎯⎯⎯⎯⎯⎯⎯⎯⎯⎯[1/35]⎯[22m[39m

[31m[1m[7m FAIL [27m[22m[39m tests/unit/action-history.spec.ts[2m > [22mFR2-11 redactHistoryUrl (H1, H2)[2m > [22mH2: scheme table
[31m[1mTypeError[22m: redactHistoryUrl is not a function[39m
[36m [2m❯[22m tests/unit/action-history.spec.ts:[2m29:12[22m[39m
    [90m 27| [39m  })[33m;[39m
    [90m 28| [39m  [34mit[39m([32m'H2: scheme table'[39m[33m,[39m () [33m=>[39m {
    [90m 29| [39m    [34mexpect[39m([34mredactHistoryUrl[39m([32m'file:///E:/r/f.html?t=1'[39m))[33m.[39m[34mtoBe[39m([32m'file:///[39m…
    [90m   | [39m           [31m^[39m
    [90m 30| [39m    [34mexpect[39m([34mredactHistoryUrl[39m([32m'data:text/html,<b>x'[39m))[33m.[39m[34mtoBe[39m([32m'data:…'[39m)[33m;[39m
    [90m 31| [39m    [34mexpect[39m([34mredactHistoryUrl[39m([32m'about:blank'[39m))[33m.[39m[34mtoBe[39m([32m'about:blank'[39m)[33m;[39m

[31m[2m⎯⎯⎯⎯⎯⎯⎯⎯⎯⎯⎯⎯⎯⎯⎯⎯⎯⎯⎯⎯⎯⎯⎯[2/35]⎯[22m[39m

[31m[1m[7m FAIL [27m[22m[39m tests/unit/action-history.spec.ts[2m > [22mFR2-11 redactHistoryUrl (H1, H2)[2m > [22mdrops userinfo, javascript: bodies, and the query of an unparsable string
[31m[1mTypeError[22m: redactHistoryUrl is not a function[39m
[36m [2m❯[22m tests/unit/action-history.spec.ts:[2m39:12[22m[39m
    [90m 37| [39m  })[33m;[39m
    [90m 38| [39m  [34mit[39m([32m'drops userinfo, javascript: bodies, and the query of an unparsab[39m…
    [90m 39| [39m    [34mexpect[39m([34mredactHistoryUrl[39m([32m'https://user:pw@a.test/p?x=1'[39m))[33m.[39m[34mtoBe[39m([32m'htt[39m…
    [90m   | [39m           [31m^[39m
    [90m 40| [39m    [34mexpect[39m([34mredactHistoryUrl[39m([32m'javascript:localStorage.setItem("jwt","SE[39m…
    [90m 41| [39m    [34mexpect[39m([34mredactHistoryUrl[39m([32m'no scheme?token=SECRET#f'[39m))[33m.[39m[34mtoBe[39m([32m'no sche[39m…

[31m[2m⎯⎯⎯⎯⎯⎯⎯⎯⎯⎯⎯⎯⎯⎯⎯⎯⎯⎯⎯⎯⎯⎯⎯[3/35]⎯[22m[39m

[31m[1m[7m FAIL [27m[22m[39m tests/unit/action-history.spec.ts[2m > [22mFR2-11 redactUrlsInText / capHistoryString / evalCodePreview (H3, H4, H5, N12)[2m > [22mH3: redacts every URL token inside free text
[31m[1mTypeError[22m: redactUrlsInText is not a function[39m
[36m [2m❯[22m tests/unit/action-history.spec.ts:[2m48:17[22m[39m
    [90m 46| [39m[34mdescribe[39m([32m'FR2-11 redactUrlsInText / capHistoryString / evalCodePreview[39m…
    [90m 47| [39m  [34mit[39m([32m'H3: redacts every URL token inside free text'[39m[33m,[39m () [33m=>[39m {
    [90m 48| [39m    [35mconst[39m out [33m=[39m [34mredactUrlsInText[39m([32m'Current URL http://x.test/a?t=S does[39m…
    [90m   | [39m                [31m^[39m
    [90m 49| [39m    [34mexpect[39m(out)[33m.[39mnot[33m.[39m[34mtoContain[39m([32m'S2'[39m)[33m;[39m
    [90m 50| [39m    [34mexpect[39m(out)[33m.[39mnot[33m.[39m[34mtoMatch[39m([36m/t=S/[39m)[33m;[39m

[31m[2m⎯⎯⎯⎯⎯⎯⎯⎯⎯⎯⎯⎯⎯⎯⎯⎯⎯⎯⎯⎯⎯⎯⎯[4/35]⎯[22m[39m

[31m[1m[7m FAIL [27m[22m[39m tests/unit/action-history.spec.ts[2m > [22mFR2-11 redactUrlsInText / capHistoryString / evalCodePreview (H3, H4, H5, N12)[2m > [22mH4: cap with an ellipsis, control chars become spaces, a 199-char string is untouched
[31m[1mTypeError[22m: capHistoryString is not a function[39m
[36m [2m❯[22m tests/unit/action-history.spec.ts:[2m56:15[22m[39m
    [90m 54| [39m  })[33m;[39m
    [90m 55| [39m  [34mit[39m([32m'H4: cap with an ellipsis, control chars become spaces, a 199-cha[39m…
    [90m 56| [39m    [35mconst[39m c [33m=[39m [34mcapHistoryString[39m([32m'a'[39m[33m.[39m[34mrepeat[39m([34m250[39m))[33m;[39m
    [90m   | [39m              [31m^[39m
    [90m 57| [39m    [34mexpect[39m(c)[33m.[39m[34mtoHaveLength[39m([34m200[39m)[33m;[39m
    [90m 58| [39m    [34mexpect[39m(c[33m.[39m[34mendsWith[39m([32m'…'[39m))[33m.[39m[34mtoBe[39m([35mtrue[39m)[33m;[39m

[31m[2m⎯⎯⎯⎯⎯⎯⎯⎯⎯⎯⎯⎯⎯⎯⎯⎯⎯⎯⎯⎯⎯⎯⎯[5/35]⎯[22m[39m

[31m[1m[7m FAIL [27m[22m[39m tests/unit/action-history.spec.ts[2m > [22mFR2-11 redactUrlsInText / capHistoryString / evalCodePreview (H3, H4, H5, N12)[2m > [22mH5 / N12: eval preview collapses whitespace, drops URL secrets, caps at 200
[31m[1mTypeError[22m: evalCodePreview is not a function[39m
[36m [2m❯[22m tests/unit/action-history.spec.ts:[2m65:15[22m[39m
    [90m 63| [39m  })[33m;[39m
    [90m 64| [39m  [34mit[39m([32m'H5 / N12: eval preview collapses whitespace, drops URL secrets, [39m…
    [90m 65| [39m    [35mconst[39m p [33m=[39m [34mevalCodePreview[39m([32m'  const x =\n  1;\n\n fetch("https://t.[39m…
    [90m   | [39m              [31m^[39m
    [90m 66| [39m    [34mexpect[39m(p)[33m.[39m[34mtoBe[39m([32m'const x = 1; fetch("https://t.test/")'[39m)[33m;[39m
    [90m 67| [39m    [34mexpect[39m(p)[33m.[39mnot[33m.[39m[34mtoContain[39m([32m'S"'[39m)[33m;[39m

[31m[2m⎯⎯⎯⎯⎯⎯⎯⎯⎯⎯⎯⎯⎯⎯⎯⎯⎯⎯⎯⎯⎯⎯⎯[6/35]⎯[22m[39m

[31m[1m[7m FAIL [27m[22m[39m tests/unit/action-history.spec.ts[2m > [22mFR2-11 sanitizeHistoryEntry (H6)[2m > [22mURL rule for navigate targets, preview rule for eval targets, generic redaction otherwise
[31m[1mTypeError[22m: sanitizeHistoryEntry is not a function[39m
[36m [2m❯[22m tests/unit/action-history.spec.ts:[2m77:17[22m[39m
    [90m 75| [39m[34mdescribe[39m([32m'FR2-11 sanitizeHistoryEntry (H6)'[39m[33m,[39m () [33m=>[39m {
    [90m 76| [39m  [34mit[39m([32m'URL rule for navigate targets, preview rule for eval targets, ge[39m…
    [90m 77| [39m    [35mconst[39m nav [33m=[39m [34msanitizeHistoryEntry[39m({ [33m...[39mbase[33m,[39m actionType[33m:[39m [32m'navigate'[39m…
    [90m   | [39m                [31m^[39m
    [90m 78| [39m    [34mexpect[39m(nav[33m.[39mtarget)[33m.[39m[34mtoBe[39m([32m'https://a.test/p'[39m)[33m;[39m
    [90m 79| [39m    [35mconst[39m ev [33m=[39m [34msanitizeHistoryEntry[39m({ [33m...[39mbase[33m,[39m actionType[33m:[39m [32m'eval'[39m[33m,[39m tar…

[31m[2m⎯⎯⎯⎯⎯⎯⎯⎯⎯⎯⎯⎯⎯⎯⎯⎯⎯⎯⎯⎯⎯⎯⎯[7/35]⎯[22m[39m

[31m[1m[7m FAIL [27m[22m[39m tests/unit/action-history.spec.ts[2m > [22mFR2-11 sanitizeHistoryEntry (H6)[2m > [22mcaps error at 300, selector and target at 200
[31m[1mTypeError[22m: sanitizeHistoryEntry is not a function[39m
[36m [2m❯[22m tests/unit/action-history.spec.ts:[2m85:17[22m[39m
    [90m 83| [39m  })[33m;[39m
    [90m 84| [39m  [34mit[39m([32m'caps error at 300, selector and target at 200'[39m[33m,[39m () [33m=>[39m {
    [90m 85| [39m    [35mconst[39m out [33m=[39m [34msanitizeHistoryEntry[39m({ [33m...[39mbase[33m,[39m success[33m:[39m [35mfalse[39m[33m,[39m error[33m:[39m…
    [90m   | [39m                [31m^[39m
    [90m 86| [39m    [34mexpect[39m(out[33m.[39merror)[33m.[39m[34mtoHaveLength[39m([33mHISTORY_TEXT_CAP[39m)[33m;[39m
    [90m 87| [39m    [34mexpect[39m(out[33m.[39mselector)[33m.[39m[34mtoHaveLength[39m([33mHISTORY_STRING_CAP[39m)[33m;[39m

[31m[2m⎯⎯⎯⎯⎯⎯⎯⎯⎯⎯⎯⎯⎯⎯⎯⎯⎯⎯⎯⎯⎯⎯⎯[8/35]⎯[22m[39m

[31m[1m[7m FAIL [27m[22m[39m tests/unit/action-history.spec.ts[2m > [22mFR2-11 sanitizeHistoryEntry (H6)[2m > [22mpre-FR2-07 verification (no evidence) keeps exactly its keys, reason redacted
[31m[1mTypeError[22m: sanitizeHistoryEntry is not a function[39m
[36m [2m❯[22m tests/unit/action-history.spec.ts:[2m92:17[22m[39m
    [90m 90| [39m  [34mit[39m([32m'pre-FR2-07 verification (no evidence) keeps exactly its keys, re[39m…
    [90m 91| [39m    [35mconst[39m v [33m=[39m { verified[33m:[39m [35mtrue[39m[33m,[39m urlChanged[33m:[39m [35mfalse[39m[33m,[39m elementFound[33m:[39m [35mtrue[39m[33m,[39m…
    [90m 92| [39m    [35mconst[39m out [33m=[39m [34msanitizeHistoryEntry[39m({ [33m...[39mbase[33m,[39m verification[33m:[39m v [35mas[39m nev…
    [90m   | [39m                [31m^[39m
    [90m 93| [39m    [34mexpect[39m([33mObject[39m[33m.[39m[34mkeys[39m(out[33m.[39mverification[33m![39m)[33m.[39m[34msort[39m())[33m.[39m[34mtoEqual[39m([[32m'confidence[39m…
    [90m 94| [39m    [34mexpect[39m(out[33m.[39mverification[33m![39m[33m.[39mreason)[33m.[39mnot[33m.[39m[34mtoContain[39m([32m'SECRET'[39m)[33m;[39m

[31m[2m⎯⎯⎯⎯⎯⎯⎯⎯⎯⎯⎯⎯⎯⎯⎯⎯⎯⎯⎯⎯⎯⎯⎯[9/35]⎯[22m[39m

[31m[1m[7m FAIL [27m[22m[39m tests/unit/action-history.spec.ts[2m > [22mFR2-11 sanitizeHistoryEntry (H6)[2m > [22mpost-FR2-07 verification: evidence observed/expected redacted, detail capped at 300, scalars pass through
[31m[1mTypeError[22m: sanitizeHistoryEntry is not a function[39m
[36m [2m❯[22m tests/unit/action-history.spec.ts:[2m113:17[22m[39m
    [90m111| [39m      }[33m,[39m
    [90m112| [39m    }[33m;[39m
    [90m113| [39m    [35mconst[39m out [33m=[39m [34msanitizeHistoryEntry[39m({ [33m...[39mbase[33m,[39m verification[33m:[39m v [35mas[39m nev…
    [90m   | [39m                [31m^[39m
    [90m114| [39m    [35mconst[39m checks [33m=[39m (out[33m.[39mverification [35mas[39m any)[33m.[39mevidence[33m.[39mchecks[33m;[39m
    [90m115| [39m    [34mexpect[39m(checks[[34m0[39m][33m.[39mobserved)[33m.[39m[34mtoBe[39m([32m'http://x/'[39m)[33m;[39m

[31m[2m⎯⎯⎯⎯⎯⎯⎯⎯⎯⎯⎯⎯⎯⎯⎯⎯⎯⎯⎯⎯⎯⎯[10/35]⎯[22m[39m

[31m[1m[7m FAIL [27m[22m[39m tests/unit/action-history.spec.ts[2m > [22mFR2-11 sanitizeHistoryEntry (H6)[2m > [22mnever mutates its input (deep-equal to a structuredClone taken before) and returns a new object
[31m[1mTypeError[22m: sanitizeHistoryEntry is not a function[39m
[36m [2m❯[22m tests/unit/action-history.spec.ts:[2m139:17[22m[39m
    [90m137| [39m    }[33m;[39m
    [90m138| [39m    [35mconst[39m before [33m=[39m [34mstructuredClone[39m(input)[33m;[39m
    [90m139| [39m    [35mconst[39m out [33m=[39m [34msanitizeHistoryEntry[39m(input)[33m;[39m
    [90m   | [39m                [31m^[39m
    [90m140| [39m    [34mexpect[39m(input)[33m.[39m[34mtoEqual[39m(before)[33m;[39m
    [90m141| [39m    [34mexpect[39m(out)[33m.[39mnot[33m.[39m[34mtoBe[39m(input)[33m;[39m

[31m[2m⎯⎯⎯⎯⎯⎯⎯⎯⎯⎯⎯⎯⎯⎯⎯⎯⎯⎯⎯⎯⎯⎯[11/35]⎯[22m[39m

[31m[1m[7m FAIL [27m[22m[39m tests/unit/action-history.spec.ts[2m > [22mFR2-11 sanitizeHistoryEntry (H6)[2m > [22mundefined keys stay absent
[31m[1mTypeError[22m: sanitizeHistoryEntry is not a function[39m
[36m [2m❯[22m tests/unit/action-history.spec.ts:[2m145:17[22m[39m
    [90m143| [39m  })[33m;[39m
    [90m144| [39m  [34mit[39m([32m'undefined keys stay absent'[39m[33m,[39m () [33m=>[39m {
    [90m145| [39m    [35mconst[39m out [33m=[39m [34msanitizeHistoryEntry[39m({ [33m...[39mbase[33m,[39m error[33m:[39m undefined[33m,[39m sele…
    [90m   | [39m                [31m^[39m
    [90m146| [39m    [35mfor[39m ([35mconst[39m k [35mof[39m [[32m'error'[39m[33m,[39m [32m'selector'[39m[33m,[39m [32m'target'[39m[33m,[39m [32m'url'[39m[33m,[39m [32m'verificati[39m…
    [90m147| [39m  })[33m;[39m

[31m[2m⎯⎯⎯⎯⎯⎯⎯⎯⎯⎯⎯⎯⎯⎯⎯⎯⎯⎯⎯⎯⎯⎯[12/35]⎯[22m[39m

[31m[1m[7m FAIL [27m[22m[39m tests/unit/action-history.spec.ts[2m > [22mFR2-11 describeActionTarget (H7) and scrubActionError[2m > [22mpress_key joins modifiers and the key
[31m[1mTypeError[22m: describeActionTarget is not a function[39m
[36m [2m❯[22m tests/unit/action-history.spec.ts:[2m152:12[22m[39m
    [90m150| [39m[34mdescribe[39m([32m'FR2-11 describeActionTarget (H7) and scrubActionError'[39m[33m,[39m () [33m=[39m…
    [90m151| [39m  [34mit[39m([32m'press_key joins modifiers and the key'[39m[33m,[39m () [33m=>[39m {
    [90m152| [39m    [34mexpect[39m([34mdescribeActionTarget[39m({ actionType[33m:[39m [32m'press_key'[39m[33m,[39m key[33m:[39m [32m'Arrow[39m…
    [90m   | [39m           [31m^[39m
    [90m153| [39m  })[33m;[39m
    [90m154| [39m  [34mit[39m([32m'NEVER the typed value'[39m[33m,[39m () [33m=>[39m {

[31m[2m⎯⎯⎯⎯⎯⎯⎯⎯⎯⎯⎯⎯⎯⎯⎯⎯⎯⎯⎯⎯⎯⎯[13/35]⎯[22m[39m

[31m[1m[7m FAIL [27m[22m[39m tests/unit/action-history.spec.ts[2m > [22mFR2-11 describeActionTarget (H7) and scrubActionError[2m > [22mNEVER the typed value
[31m[1mTypeError[22m: describeActionTarget is not a function[39m
[36m [2m❯[22m tests/unit/action-history.spec.ts:[2m155:12[22m[39m
    [90m153| [39m  })[33m;[39m
    [90m154| [39m  [34mit[39m([32m'NEVER the typed value'[39m[33m,[39m () [33m=>[39m {
    [90m155| [39m    [34mexpect[39m([34mdescribeActionTarget[39m({ actionType[33m:[39m [32m'type'[39m[33m,[39m selector[33m:[39m [32m'#pw'[39m[33m,[39m…
    [90m   | [39m           [31m^[39m
    [90m156| [39m    [34mexpect[39m([34mdescribeActionTarget[39m({ actionType[33m:[39m [32m'select_option'[39m[33m,[39m selecto…
    [90m157| [39m    [34mexpect[39m([34mdescribeActionTarget[39m({ actionType[33m:[39m [32m'type_by_label'[39m[33m,[39m label[33m:[39m …

[31m[2m⎯⎯⎯⎯⎯⎯⎯⎯⎯⎯⎯⎯⎯⎯⎯⎯⎯⎯⎯⎯⎯⎯[14/35]⎯[22m[39m

[31m[1m[7m FAIL [27m[22m[39m tests/unit/action-history.spec.ts[2m > [22mFR2-11 describeActionTarget (H7) and scrubActionError[2m > [22mrole/name, upload basename (windows and posix), navigate url, scroll, wait, wait_for_selector
[31m[1mTypeError[22m: describeActionTarget is not a function[39m
[36m [2m❯[22m tests/unit/action-history.spec.ts:[2m160:12[22m[39m
    [90m158| [39m  })[33m;[39m
    [90m159| [39m  [34mit[39m([32m'role/name, upload basename (windows and posix), navigate url, sc[39m…
    [90m160| [39m    [34mexpect[39m([34mdescribeActionTarget[39m({ actionType[33m:[39m [32m'click_by_role'[39m[33m,[39m role[33m:[39m [32m'[39m…
    [90m   | [39m           [31m^[39m
    [90m161| [39m    [34mexpect[39m([34mdescribeActionTarget[39m({ actionType[33m:[39m [32m'click_by_role'[39m[33m,[39m role[33m:[39m [32m'[39m…
    [90m162| [39m    [34mexpect[39m([34mdescribeActionTarget[39m({ actionType[33m:[39m [32m'upload_file'[39m[33m,[39m filePath[33m:[39m…

[31m[2m⎯⎯⎯⎯⎯⎯⎯⎯⎯⎯⎯⎯⎯⎯⎯⎯⎯⎯⎯⎯⎯⎯[15/35]⎯[22m[39m

[31m[1m[7m FAIL [27m[22m[39m tests/unit/action-history.spec.ts[2m > [22mFR2-11 describeActionTarget (H7) and scrubActionError[2m > [22mscrubActionError removes a typed value and the field content from a "type did not land" failure
[31m[1mTypeError[22m: scrubActionError is not a function[39m
[36m [2m❯[22m tests/unit/action-history.spec.ts:[2m174:17[22m[39m
    [90m172| [39m    [35mconst[39m e [33m=[39m
    [90m173| [39m      [32m'type did not land the expected value — expected "hunter2-SECRET[39m…
    [90m174| [39m    [35mconst[39m out [33m=[39m [34mscrubActionError[39m(p[33m,[39m e)[33m;[39m
    [90m   | [39m                [31m^[39m
    [90m175| [39m    [34mexpect[39m(out)[33m.[39mnot[33m.[39m[34mtoContain[39m([32m'SECRET'[39m)[33m;[39m
    [90m176| [39m    [34mexpect[39m(out[33m.[39m[34mstartsWith[39m([32m'type did not land the expected value'[39m))[33m.[39m[34mtoB[39m…

[31m[2m⎯⎯⎯⎯⎯⎯⎯⎯⎯⎯⎯⎯⎯⎯⎯⎯⎯⎯⎯⎯⎯⎯[16/35]⎯[22m[39m

[31m[1m[7m FAIL [27m[22m[39m tests/unit/action-history.spec.ts[2m > [22mFR2-11 describeActionTarget (H7) and scrubActionError[2m > [22mscrubVerification cleans the "Action failed: <error>" reason of a failed action and evidence strings, without mutating
[31m[1mTypeError[22m: scrubVerification is not a function[39m
[36m [2m❯[22m tests/unit/action-history.spec.ts:[2m193:17[22m[39m
    [90m191| [39m    }[33m;[39m
    [90m192| [39m    [35mconst[39m before [33m=[39m [34mstructuredClone[39m(v)[33m;[39m
    [90m193| [39m    [35mconst[39m out [33m=[39m [34mscrubVerification[39m(p[33m,[39m v [35mas[39m never)[33m;[39m
    [90m   | [39m                [31m^[39m
    [90m194| [39m    [34mexpect[39m(v)[33m.[39m[34mtoEqual[39m(before)[33m;[39m
    [90m195| [39m    [34mexpect[39m([33mJSON[39m[33m.[39m[34mstringify[39m(out))[33m.[39mnot[33m.[39m[34mtoContain[39m([32m'SECRET'[39m)[33m;[39m

[31m[2m⎯⎯⎯⎯⎯⎯⎯⎯⎯⎯⎯⎯⎯⎯⎯⎯⎯⎯⎯⎯⎯⎯[17/35]⎯[22m[39m

[31m[1m[7m FAIL [27m[22m[39m tests/unit/browser-action-engine.spec.ts[2m > [22m@sutradhar/browser BrowserActionEngine FR2-11 history entries[2m > [22mE1: a successful press_key records target, url and a verification object
[31m[1mAssertionError[22m: expected { actionType: 'press_key', …(4) } to match object { actionType: 'press_key', …(3) }
(3 matching properties omitted from actual)[39m

[32m- Expected[39m
[31m+ Received[39m

[2m  Object {[22m
[2m    "actionType": "press_key",[22m
[2m    "success": true,[22m
[32m-   "target": "Enter",[39m
[32m-   "url": "https://example.com",[39m
[2m  }[22m

[36m [2m❯[22m tests/unit/browser-action-engine.spec.ts:[2m4926:15[22m[39m
    [90m4924| [39m    const result = await engine.executeAction(tab, { actionType: 'pres…
    [90m4925| [39m    const h = tab.getActionHistory()[0] as any;
    [90m4926| [39m    expect(h).toMatchObject({ actionType: 'press_key', success: true, …
    [90m   | [39m              [31m^[39m
    [90m4927| [39m    expect(typeof h.verification.verified).toBe('boolean');
    [90m4928| [39m    // the entry carries exactly the verification the RESULT carries (…

[31m[2m⎯⎯⎯⎯⎯⎯⎯⎯⎯⎯⎯⎯⎯⎯⎯⎯⎯⎯⎯⎯⎯⎯[18/35]⎯[22m[39m

[31m[1m[7m FAIL [27m[22m[39m tests/unit/browser-action-engine.spec.ts[2m > [22m@sutradhar/browser BrowserActionEngine FR2-11 history entries[2m > [22mE2: a failed click records selector, error and verification
[31m[1mAssertionError[22m: expected undefined to deeply equal { verified: false, …(5) }[39m

[32m- Expected:[39m 
Object {
  "confidence": 0,
  "elementFound": false,
  "evidence": Object {
    "checks": Array [],
    "tier": "action-failed",
  },
  "reason": "Action failed: No visible element found for selector: #does-not-exist",
  "urlChanged": false,
  "verified": false,
}

[31m+ Received:[39m 
undefined

[36m [2m❯[22m tests/unit/browser-action-engine.spec.ts:[2m4941:28[22m[39m
    [90m4939| [39m    expect(typeof h.error).toBe('string');
    [90m4940| [39m    expect(h.error).toBe(result.error);
    [90m4941| [39m    expect(h.verification).toEqual(result.verification);
    [90m   | [39m                           [31m^[39m
    [90m4942| [39m    expect(h.verification.evidence.tier).toBe('action-failed');
    [90m4943| [39m  });

[31m[2m⎯⎯⎯⎯⎯⎯⎯⎯⎯⎯⎯⎯⎯⎯⎯⎯⎯⎯⎯⎯⎯⎯[19/35]⎯[22m[39m

[31m[1m[7m FAIL [27m[22m[39m tests/unit/browser-action-engine.spec.ts[2m > [22m@sutradhar/browser BrowserActionEngine FR2-11 history entries[2m > [22mE3b: typed text and the field content never reach the history on a "did not land" failure (the engine error quotes both)
[31m[1mAssertionError[22m: expected '[{"actionType":"type","selector":"#pw…' not to contain 'hunter2-SECRET'[39m

[32m- Expected[39m
[31m+ Received[39m

[32m- hunter2-SECRET[39m
[31m+ [{"actionType":"type","selector":"#pw","success":false,"error":"type did not land the expected value — expected \"hunter2-SECRET\", but the element's real content reads \"other-content-XYZ\" even after a native-setter repair attempt. The page may be intercepting/resetting input in a way neither path could overcome.","executionTimeMs":2,"timestamp":"2026-09-30T15:02:44.232Z"}][39m

[36m [2m❯[22m tests/unit/browser-action-engine.spec.ts:[2m4972:22[22m[39m
    [90m4970| [39m    const dump = JSON.stringify(tab.getActionHistory());
    [90m4971| [39m    expect(tab.getActionHistory()).toHaveLength(1);
    [90m4972| [39m    expect(dump).not.toContain('hunter2-SECRET'); // ... the history m…
    [90m   | [39m                     [31m^[39m
    [90m4973| [39m    expect(dump).not.toContain('other-content-XYZ');
    [90m4974| [39m    expect(tab.getActionHistory()[0]).toMatchObject({ actionType: 'typ…

[31m[2m⎯⎯⎯⎯⎯⎯⎯⎯⎯⎯⎯⎯⎯⎯⎯⎯⎯⎯⎯⎯⎯⎯[20/35]⎯[22m[39m

[31m[1m[7m FAIL [27m[22m[39m tests/unit/browser-action-engine.spec.ts[2m > [22m@sutradhar/browser BrowserActionEngine FR2-11 history entries[2m > [22mE4: a duplicate-guard rejection is recorded as a failure with the returned error
[31m[1mAssertionError[22m: expected [ { actionType: 'click', …(4) } ] to have a length of 2 but got 1[39m

[32m- Expected[39m
[31m+ Received[39m

[32m- 2[39m
[31m+ 1[39m

[36m [2m❯[22m tests/unit/browser-action-engine.spec.ts:[2m4989:15[22m[39m
    [90m4987| [39m    expect(second.success).toBe(false);
    [90m4988| [39m    const h = tab.getActionHistory() as any[];
    [90m4989| [39m    expect(h).toHaveLength(2);
    [90m   | [39m              [31m^[39m
    [90m4990| [39m    expect(h[1].success).toBe(false);
    [90m4991| [39m    expect(h[1].error).toBe(second.error);

[31m[2m⎯⎯⎯⎯⎯⎯⎯⎯⎯⎯⎯⎯⎯⎯⎯⎯⎯⎯⎯⎯⎯⎯[21/35]⎯[22m[39m

[31m[1m[7m FAIL [27m[22m[39m tests/unit/browser-action-engine.spec.ts[2m > [22m@sutradhar/browser BrowserActionEngine FR2-11 history entries[2m > [22mE5: an invalid timeoutMs early return is recorded as a failure
[31m[1mAssertionError[22m: expected [] to have a length of 1 but got +0[39m

[32m- Expected[39m
[31m+ Received[39m

[32m- 1[39m
[31m+ 0[39m

[36m [2m❯[22m tests/unit/browser-action-engine.spec.ts:[2m5003:15[22m[39m
    [90m5001| [39m    expect(result.success).toBe(false);
    [90m5002| [39m    const h = tab.getActionHistory() as any[];
    [90m5003| [39m    expect(h).toHaveLength(1);
    [90m   | [39m              [31m^[39m
    [90m5004| [39m    expect(h[0]).toMatchObject({ actionType: 'wait_for_selector', succ…
    [90m5005| [39m    expect(h[0].error).toBe(result.error);

[31m[2m⎯⎯⎯⎯⎯⎯⎯⎯⎯⎯⎯⎯⎯⎯⎯⎯⎯⎯⎯⎯⎯⎯[22/35]⎯[22m[39m

[31m[1m[7m FAIL [27m[22m[39m tests/unit/browser-action-engine.spec.ts[2m > [22m@sutradhar/browser BrowserActionEngine FR2-11 history entries[2m > [22mE7: the URL stored on an engine entry is the tab url as given, and the entry is a plain (unsanitized-by-engine) record the TAB sanitizes
[31m[1mAssertionError[22m: expected undefined to be 'https://example.com/p?token=SECRET#f' // Object.is equality[39m

[32m- Expected:[39m 
"https://example.com/p?token=SECRET#f"

[31m+ Received:[39m 
undefined

[36m [2m❯[22m tests/unit/browser-action-engine.spec.ts:[2m5016:52[22m[39m
    [90m5014| [39m    // mockTab stores what it is given; the engine passes the raw url …
    [90m5015| [39m    // session-action-history.spec.ts) is what drops the query. Pin th…
    [90m5016| [39m    expect((tab.getActionHistory()[0] as any).url).toBe('https://examp…
    [90m   | [39m                                                   [31m^[39m
    [90m5017| [39m  });
    [90m5018| [39m});

[31m[2m⎯⎯⎯⎯⎯⎯⎯⎯⎯⎯⎯⎯⎯⎯⎯⎯⎯⎯⎯⎯⎯⎯[23/35]⎯[22m[39m

[31m[1m[7m FAIL [27m[22m[39m tests/unit/session-action-history.spec.ts[2m > [22mFR2-11 per-tab history cap and eviction count[2m > [22mS1: MAX_ACTION_HISTORY is exported and is 200
[31m[1mAssertionError[22m: expected undefined to be 200 // Object.is equality[39m

[32m- Expected:[39m 
200

[31m+ Received:[39m 
undefined

[36m [2m❯[22m tests/unit/session-action-history.spec.ts:[2m32:32[22m[39m
    [90m 30| [39m[34mdescribe[39m([32m'FR2-11 per-tab history cap and eviction count'[39m[33m,[39m () [33m=>[39m {
    [90m 31| [39m  [34mit[39m([32m'S1: MAX_ACTION_HISTORY is exported and is 200'[39m[33m,[39m () [33m=>[39m {
    [90m 32| [39m    [34mexpect[39m([33mMAX_ACTION_HISTORY[39m)[33m.[39m[34mtoBe[39m([34m200[39m)[33m;[39m
    [90m   | [39m                               [31m^[39m
    [90m 33| [39m  })[33m;[39m
    [90m 34| [39m

[31m[2m⎯⎯⎯⎯⎯⎯⎯⎯⎯⎯⎯⎯⎯⎯⎯⎯⎯⎯⎯⎯⎯⎯[24/35]⎯[22m[39m

[31m[1m[7m FAIL [27m[22m[39m tests/unit/session-action-history.spec.ts[2m > [22mFR2-11 per-tab history cap and eviction count[2m > [22mS2: 201 records keep 200, drop the oldest, count 1 eviction; 450 records count 250
[31m[1mTypeError[22m: tab.getActionHistoryEvictedCount is not a function[39m
[36m [2m❯[22m tests/unit/session-action-history.spec.ts:[2m40:16[22m[39m
    [90m 38| [39m    [34mexpect[39m(tab[33m.[39m[34mgetActionHistory[39m())[33m.[39m[34mtoHaveLength[39m([34m200[39m)[33m;[39m
    [90m 39| [39m    [34mexpect[39m(tab[33m.[39m[34mgetActionHistory[39m()[[34m0[39m][33m![39m[33m.[39mactionType)[33m.[39m[34mtoBe[39m([32m'a1'[39m)[33m;[39m
    [90m 40| [39m    [34mexpect[39m(tab[33m.[39m[34mgetActionHistoryEvictedCount[39m())[33m.[39m[34mtoBe[39m([34m1[39m)[33m;[39m
    [90m   | [39m               [31m^[39m
    [90m 41| [39m    [35mfor[39m ([35mlet[39m i [33m=[39m [34m201[39m[33m;[39m i [33m<[39m [34m450[39m[33m;[39m i[33m++[39m) tab[33m.[39m[34mrecordAction[39m([34mentry[39m([32m`a[39m[36m${[39mi[36m}[39m[32m`[39m))[33m;[39m
    [90m 42| [39m    [34mexpect[39m(tab[33m.[39m[34mgetActionHistory[39m())[33m.[39m[34mtoHaveLength[39m([34m200[39m)[33m;[39m

[31m[2m⎯⎯⎯⎯⎯⎯⎯⎯⎯⎯⎯⎯⎯⎯⎯⎯⎯⎯⎯⎯⎯⎯[25/35]⎯[22m[39m

[31m[1m[7m FAIL [27m[22m[39m tests/unit/session-action-history.spec.ts[2m > [22mFR2-11 per-tab history cap and eviction count[2m > [22mexactly 200 records evict nothing (the boundary is not off by one)
[31m[1mTypeError[22m: tab.getActionHistoryEvictedCount is not a function[39m
[36m [2m❯[22m tests/unit/session-action-history.spec.ts:[2m51:16[22m[39m
    [90m 49| [39m    [35mfor[39m ([35mlet[39m i [33m=[39m [34m0[39m[33m;[39m i [33m<[39m [34m200[39m[33m;[39m i[33m++[39m) tab[33m.[39m[34mrecordAction[39m([34mentry[39m([32m`a[39m[36m${[39mi[36m}[39m[32m`[39m))[33m;[39m
    [90m 50| [39m    [34mexpect[39m(tab[33m.[39m[34mgetActionHistory[39m())[33m.[39m[34mtoHaveLength[39m([34m200[39m)[33m;[39m
    [90m 51| [39m    [34mexpect[39m(tab[33m.[39m[34mgetActionHistoryEvictedCount[39m())[33m.[39m[34mtoBe[39m([34m0[39m)[33m;[39m
    [90m   | [39m               [31m^[39m
    [90m 52| [39m    [34mexpect[39m(tab[33m.[39m[34mgetActionHistory[39m()[[34m0[39m][33m![39m[33m.[39mactionType)[33m.[39m[34mtoBe[39m([32m'a0'[39m)[33m;[39m
    [90m 53| [39m  })[33m;[39m

[31m[2m⎯⎯⎯⎯⎯⎯⎯⎯⎯⎯⎯⎯⎯⎯⎯⎯⎯⎯⎯⎯⎯⎯[26/35]⎯[22m[39m

[31m[1m[7m FAIL [27m[22m[39m tests/unit/session-action-history.spec.ts[2m > [22mFR2-11 per-tab history cap and eviction count[2m > [22mS3: no records means evicted 0 and an empty history
[31m[1mTypeError[22m: tab.getActionHistoryEvictedCount is not a function[39m
[36m [2m❯[22m tests/unit/session-action-history.spec.ts:[2m57:16[22m[39m
    [90m 55| [39m  [34mit[39m([32m'S3: no records means evicted 0 and an empty history'[39m[33m,[39m () [33m=>[39m {
    [90m 56| [39m    [35mconst[39m tab [33m=[39m [35mnew[39m [33mBrowserTab[39m([34mcreateTabId[39m([32m't1'[39m)[33m,[39m [32m'about:blank'[39m[33m,[39m [32m'x'[39m[33m,[39m …
    [90m 57| [39m    [34mexpect[39m(tab[33m.[39m[34mgetActionHistoryEvictedCount[39m())[33m.[39m[34mtoBe[39m([34m0[39m)[33m;[39m
    [90m   | [39m               [31m^[39m
    [90m 58| [39m    [34mexpect[39m(tab[33m.[39m[34mgetActionHistory[39m())[33m.[39m[34mtoEqual[39m([])[33m;[39m
    [90m 59| [39m  })[33m;[39m

[31m[2m⎯⎯⎯⎯⎯⎯⎯⎯⎯⎯⎯⎯⎯⎯⎯⎯⎯⎯⎯⎯⎯⎯[27/35]⎯[22m[39m

[31m[1m[7m FAIL [27m[22m[39m tests/unit/session-action-history.spec.ts[2m > [22mFR2-11 per-tab history cap and eviction count[2m > [22mS4: the listener receives the SANITIZED stored object (same reference as the history entry)
[31m[1mTypeError[22m: tab.setActionRecordedListener is not a function[39m
[36m [2m❯[22m tests/unit/session-action-history.spec.ts:[2m64:9[22m[39m
    [90m 62| [39m    [35mconst[39m tab [33m=[39m [35mnew[39m [33mBrowserTab[39m([34mcreateTabId[39m([32m't1'[39m)[33m,[39m [32m'about:blank'[39m[33m,[39m [32m'x'[39m[33m,[39m …
    [90m 63| [39m    [35mconst[39m seen[33m:[39m [33mActionHistoryEntry[39m[] [33m=[39m [][33m;[39m
    [90m 64| [39m    tab[33m.[39m[34msetActionRecordedListener[39m((s) [33m=>[39m seen[33m.[39m[34mpush[39m(s))[33m;[39m
    [90m   | [39m        [31m^[39m
    [90m 65| [39m    tab[33m.[39m[34mrecordAction[39m([34mentry[39m([32m'click'[39m[33m,[39m { url[33m:[39m [32m'http://x/?t=SECRET'[39m }))[33m;[39m
    [90m 66| [39m    [34mexpect[39m(seen)[33m.[39m[34mtoHaveLength[39m([34m1[39m)[33m;[39m

[31m[2m⎯⎯⎯⎯⎯⎯⎯⎯⎯⎯⎯⎯⎯⎯⎯⎯⎯⎯⎯⎯⎯⎯[28/35]⎯[22m[39m

[31m[1m[7m FAIL [27m[22m[39m tests/unit/session-action-history.spec.ts[2m > [22mFR2-11 per-tab history cap and eviction count[2m > [22mS5: a throwing listener never breaks recordAction
[31m[1mTypeError[22m: tab.setActionRecordedListener is not a function[39m
[36m [2m❯[22m tests/unit/session-action-history.spec.ts:[2m74:9[22m[39m
    [90m 72| [39m  [34mit[39m([32m'S5: a throwing listener never breaks recordAction'[39m[33m,[39m () [33m=>[39m {
    [90m 73| [39m    [35mconst[39m tab [33m=[39m [35mnew[39m [33mBrowserTab[39m([34mcreateTabId[39m([32m't1'[39m)[33m,[39m [32m'about:blank'[39m[33m,[39m [32m'x'[39m[33m,[39m …
    [90m 74| [39m    tab[33m.[39m[34msetActionRecordedListener[39m(() [33m=>[39m {
    [90m   | [39m        [31m^[39m
    [90m 75| [39m      [35mthrow[39m [35mnew[39m [33mError[39m([32m'listener bug'[39m)[33m;[39m
    [90m 76| [39m    })[33m;[39m

[31m[2m⎯⎯⎯⎯⎯⎯⎯⎯⎯⎯⎯⎯⎯⎯⎯⎯⎯⎯⎯⎯⎯⎯[29/35]⎯[22m[39m

[31m[1m[7m FAIL [27m[22m[39m tests/unit/session-action-history.spec.ts[2m > [22mFR2-11 session merged ring[2m > [22mS6: merge order is recording order with tabId and seq; per-tab views are unaffected
[31m[1mTypeError[22m: s.getSessionActionHistory is not a function[39m
[36m [2m❯[22m tests/unit/session-action-history.spec.ts:[2m93:14[22m[39m
    [90m 91| [39m    [33mA[39m[33m.[39m[34mrecordAction[39m([34mentry[39m([32m'a2'[39m))[33m;[39m
    [90m 92| [39m    [33mB[39m[33m.[39m[34mrecordAction[39m([34mentry[39m([32m'b2'[39m))[33m;[39m
    [90m 93| [39m    [34mexpect[39m(s[33m.[39m[34mgetSessionActionHistory[39m()[33m.[39m[34mmap[39m((e) [33m=>[39m [e[33m.[39mtabId[33m,[39m e[33m.[39mactionTy…
    [90m   | [39m             [31m^[39m
    [90m 94| [39m      [[33mA[39m[33m.[39mid[33m,[39m [32m'a1'[39m[33m,[39m [34m1[39m][33m,[39m
    [90m 95| [39m      [[33mB[39m[33m.[39mid[33m,[39m [32m'b1'[39m[33m,[39m [34m2[39m][33m,[39m

[31m[2m⎯⎯⎯⎯⎯⎯⎯⎯⎯⎯⎯⎯⎯⎯⎯⎯⎯⎯⎯⎯⎯⎯[30/35]⎯[22m[39m

[31m[1m[7m FAIL [27m[22m[39m tests/unit/session-action-history.spec.ts[2m > [22mFR2-11 session merged ring[2m > [22mS7: same-millisecond ordering comes from seq, not timestamp
[31m[1mTypeError[22m: s.getSessionActionHistory is not a function[39m
[36m [2m❯[22m tests/unit/session-action-history.spec.ts:[2m114:19[22m[39m
    [90m112| [39m      [33mB[39m[33m.[39m[34mrecordAction[39m([34mentry[39m([32m'onB'[39m[33m,[39m { timestamp[33m:[39m ts }))[33m;[39m
    [90m113| [39m      [33mA[39m[33m.[39m[34mrecordAction[39m([34mentry[39m([32m'onA'[39m[33m,[39m { timestamp[33m:[39m ts }))[33m;[39m
    [90m114| [39m      [35mconst[39m h [33m=[39m s[33m.[39m[34mgetSessionActionHistory[39m()[33m;[39m
    [90m   | [39m                  [31m^[39m
    [90m115| [39m      [34mexpect[39m(h[33m.[39m[34mmap[39m((e) [33m=>[39m e[33m.[39mactionType))[33m.[39m[34mtoEqual[39m([[32m'onB'[39m[33m,[39m [32m'onA'[39m])[33m;[39m
    [90m116| [39m      [34mexpect[39m(h[[34m0[39m][33m![39m[33m.[39mtimestamp)[33m.[39m[34mtoBe[39m(h[[34m1[39m][33m![39m[33m.[39mtimestamp)[33m;[39m

[31m[2m⎯⎯⎯⎯⎯⎯⎯⎯⎯⎯⎯⎯⎯⎯⎯⎯⎯⎯⎯⎯⎯⎯[31/35]⎯[22m[39m

[31m[1m[7m FAIL [27m[22m[39m tests/unit/session-action-history.spec.ts[2m > [22mFR2-11 session merged ring[2m > [22mS8: a closed tab's entries survive in the session view
[31m[1mTypeError[22m: s.getSessionActionHistory is not a function[39m
[36m [2m❯[22m tests/unit/session-action-history.spec.ts:[2m131:17[22m[39m
    [90m129| [39m    [35mawait[39m s[33m.[39m[34mcloseTab[39m([33mA[39m[33m.[39mid)[33m;[39m
    [90m130| [39m    [34mexpect[39m(s[33m.[39m[34mgetTab[39m([33mA[39m[33m.[39mid))[33m.[39m[34mtoBeUndefined[39m()[33m;[39m
    [90m131| [39m    [35mconst[39m h [33m=[39m s[33m.[39m[34mgetSessionActionHistory[39m()[33m;[39m
    [90m   | [39m                [31m^[39m
    [90m132| [39m    [34mexpect[39m(h[33m.[39m[34mmap[39m((e) [33m=>[39m e[33m.[39mactionType))[33m.[39m[34mtoEqual[39m([[32m'a1'[39m[33m,[39m [32m'a2'[39m])[33m;[39m
    [90m133| [39m    [34mexpect[39m(h[33m.[39m[34mevery[39m((e) [33m=>[39m e[33m.[39mtabId [33m===[39m [33mA[39m[33m.[39mid))[33m.[39m[34mtoBe[39m([35mtrue[39m)[33m;[39m

[31m[2m⎯⎯⎯⎯⎯⎯⎯⎯⎯⎯⎯⎯⎯⎯⎯⎯⎯⎯⎯⎯⎯⎯[32/35]⎯[22m[39m

[31m[1m[7m FAIL [27m[22m[39m tests/unit/session-action-history.spec.ts[2m > [22mFR2-11 session merged ring[2m > [22mS9: session eviction is exact (205 records into a 200 ring: 5 evicted, first seq 6); per-tab counts stay 0
[31m[1mTypeError[22m: s.getSessionActionHistory is not a function[39m
[36m [2m❯[22m tests/unit/session-action-history.spec.ts:[2m146:17[22m[39m
    [90m144| [39m      [35mif[39m (b [33m<[39m [34m85[39m) [33mB[39m[33m.[39m[34mrecordAction[39m([34mentry[39m([32m`b[39m[36m${[39mb[33m++[39m[36m}[39m[32m`[39m))[33m;[39m
    [90m145| [39m    }
    [90m146| [39m    [35mconst[39m h [33m=[39m s[33m.[39m[34mgetSessionActionHistory[39m()[33m;[39m
    [90m   | [39m                [31m^[39m
    [90m147| [39m    [34mexpect[39m(h)[33m.[39m[34mtoHaveLength[39m([34m200[39m)[33m;[39m
    [90m148| [39m    [34mexpect[39m(s[33m.[39m[34mgetSessionActionHistoryEvictedCount[39m())[33m.[39m[34mtoBe[39m([34m5[39m)[33m;[39m

[31m[2m⎯⎯⎯⎯⎯⎯⎯⎯⎯⎯⎯⎯⎯⎯⎯⎯⎯⎯⎯⎯⎯⎯[33/35]⎯[22m[39m

[31m[1m[7m FAIL [27m[22m[39m tests/unit/session-action-history.spec.ts[2m > [22mFR2-11 session merged ring[2m > [22mS10: adopted-page tabs are wired too
[31m[1mTypeError[22m: s.getSessionActionHistory is not a function[39m
[36m [2m❯[22m tests/unit/session-action-history.spec.ts:[2m159:14[22m[39m
    [90m157| [39m    [35mconst[39m t [33m=[39m ([35mawait[39m s[33m.[39m[34madoptExistingPage[39m([34mmockPage[39m())) [35mas[39m [33mBrowserTab[39m[33m;[39m
    [90m158| [39m    t[33m.[39m[34mrecordAction[39m([34mentry[39m([32m'adopted'[39m))[33m;[39m
    [90m159| [39m    [34mexpect[39m(s[33m.[39m[34mgetSessionActionHistory[39m()[33m.[39m[34mmap[39m((e) [33m=>[39m [e[33m.[39mtabId[33m,[39m e[33m.[39mactionTy…
    [90m   | [39m             [31m^[39m
    [90m160| [39m  })[33m;[39m
    [90m161| [39m

[31m[2m⎯⎯⎯⎯⎯⎯⎯⎯⎯⎯⎯⎯⎯⎯⎯⎯⎯⎯⎯⎯⎯⎯[34/35]⎯[22m[39m

[31m[1m[7m FAIL [27m[22m[39m tests/unit/session-action-history.spec.ts[2m > [22mFR2-11 session merged ring[2m > [22ma session with no records reports an empty ring and 0 evicted
[31m[1mTypeError[22m: s.getSessionActionHistory is not a function[39m
[36m [2m❯[22m tests/unit/session-action-history.spec.ts:[2m164:14[22m[39m
    [90m162| [39m  [34mit[39m([32m'a session with no records reports an empty ring and 0 evicted'[39m[33m,[39m …
    [90m163| [39m    [35mconst[39m s [33m=[39m [34mnewSession[39m()[33m;[39m
    [90m164| [39m    [34mexpect[39m(s[33m.[39m[34mgetSessionActionHistory[39m())[33m.[39m[34mtoEqual[39m([])[33m;[39m
    [90m   | [39m             [31m^[39m
    [90m165| [39m    [34mexpect[39m(s[33m.[39m[34mgetSessionActionHistoryEvictedCount[39m())[33m.[39m[34mtoBe[39m([34m0[39m)[33m;[39m
    [90m166| [39m  })[33m;[39m

[31m[2m⎯⎯⎯⎯⎯⎯⎯⎯⎯⎯⎯⎯⎯⎯⎯⎯⎯⎯⎯⎯⎯⎯[35/35]⎯[22m[39m

[2m Test Files [22m [1m[31m3 failed[39m[22m[2m | [22m[1m[32m19 passed[39m[22m[90m (22)[39m
[2m      Tests [22m [1m[31m35 failed[39m[22m[2m | [22m[1m[32m934 passed[39m[22m[90m (969)[39m
[2m   Start at [22m 20:32:17
[2m   Duration [22m 26.99s[2m (transform 2.77s, setup 0ms, collect 20.34s, tests 48.07s, environment 3ms, prepare 23.69s)[22m

exit=1
